Citizen_ID,Age,Gender,Mode_of_Transport,Work_Hours,Shopping_Hours,Entertainment_Hours,Home_Energy_Consumption_kWh,Charging_Station_Usage,Carbon_Footprint_kgCO2,Steps_Walked,Calories_Burned,Sleep_Hours,Social_Media_Hours,Public_Events_Hours
1001,56,Female,Walking,5,2,0,5.32,0,44.7,15635,975,9.2,5.8,0.5
1002,69,Male,Bicycle,0,2,2,2.19,0,92.39,1671,455,8.1,5.5,1.9
1003,46,Male,Bike,0,4,0,4.68,0,78.57,1777,324,4.7,3.8,2.8
1004,32,Male,Car,7,2,3,3.42,0,55.46,4022,537,4.9,3.5,0.5
1005,60,Male,Walking,3,3,1,2.79,0,98.95,19244,1414,6.6,2.2,0.5
1006,25,Male,Walking,0,1,3,9.65,0,51.87,14817,1104,5.2,0.1,1.3
1007,38,Male,EV,9,0,1,6.79,1,15.24,15260,997,4.2,0.8,2.4
1008,56,Male,EV,6,4,2,7.83,0,33.6,2074,346,8.8,4.5,0.9
1009,36,Male,Bike,4,3,1,4.52,0,49.25,10908,663,4.1,2.8,0.8
1010,40,Female,Car,4,0,0,5.15,0,24.12,10475,853,9.0,0.9,1.9
1011,28,Female,Walking,0,0,3,3.9,1,95.28,13878,926,4.9,1.6,1.6
1012,28,Female,Bike,9,4,1,2.78,0,79.02,16120,1019,9.8,5.7,0.2
1013,41,Female,Bike,5,3,3,3.43,0,34.15,2986,387,7.6,2.2,0.2
1014,53,Female,Public Transport,8,0,2,8.38,1,63.17,11825,815,8.4,5.4,1.9
1015,57,Male,EV,8,0,2,7.42,0,74.93,10193,812,4.7,1.8,1.4
1016,41,Female,Car,7,3,0,6.38,0,94.72,18430,1081,9.2,3.3,2.9
1017,20,Female,Walking,4,2,2,5.8,0,89.35,3176,507,9.0,0.1,2.0
1018,39,Female,Bike,0,0,1,9.38,0,56.37,19722,1383,7.9,3.1,0.0
1019,19,Male,Walking,8,1,2,2.58,0,79.72,11047,664,7.0,3.8,1.4
1020,41,Male,Public Transport,0,3,0,4.24,1,60.59,17884,1389,8.3,1.4,1.2
1021,61,Male,Car,7,0,3,4.8,0,59.74,19617,1334,4.0,3.5,0.3
1022,47,Male,Bike,4,4,3,8.26,1,20.33,5608,464,7.6,3.9,2.8
1023,55,Female,Walking,2,1,2,9.94,0,21.35,12906,764,9.1,4.1,2.4
1024,19,Female,EV,6,0,1,3.93,1,57.66,8234,560,6.1,4.7,0.7
1025,38,Male,Public Transport,6,1,0,8.99,0,34.2,7610,643,4.6,1.9,0.8
1026,50,Other,Car,8,1,1,8.64,0,11.89,11524,767,6.5,3.4,0.1
1027,29,Female,Public Transport,6,2,0,3.8,0,75.06,17984,1086,8.4,5.9,0.9
1028,39,Male,EV,2,1,2,5.19,1,12.92,14411,888,4.6,5.4,1.8
1029,61,Male,Car,0,2,0,5.28,0,63.57,10180,645,5.2,5.7,1.3
1030,42,Male,Public Transport,7,3,0,9.83,0,58.53,16225,1163,4.9,2.3,2.9
1031,66,Male,Bicycle,2,2,2,3.45,0,97.19,11073,904,8.8,4.7,0.2
1032,44,Male,EV,7,4,1,8.39,0,53.58,5483,513,4.4,3.7,1.8
1033,59,Male,EV,7,0,2,4.67,0,15.72,6901,799,8.1,0.5,2.6
1034,45,Male,EV,4,3,0,7.85,0,59.65,7129,836,6.2,4.9,1.4
1035,33,Male,Bicycle,0,3,2,5.36,0,85.7,19138,1223,8.5,4.1,0.0
1036,32,Female,Bicycle,9,4,0,6.63,0,99.72,19848,1145,9.8,1.2,0.7
1037,64,Male,Walking,6,2,2,8.66,0,48.73,11415,1055,4.7,0.5,1.0
1038,68,Female,Bike,9,0,3,8.43,0,38.83,5482,551,5.9,5.0,2.9
1039,61,Male,Public Transport,4,2,3,8.93,1,91.6,10686,930,8.9,0.5,2.7
1040,69,Other,Walking,7,1,2,2.48,0,27.21,8400,820,5.6,0.5,2.8
1041,20,Male,Public Transport,8,2,1,7.54,0,65.39,7806,848,5.3,2.6,2.5
1042,54,Male,Bike,6,3,0,3.12,0,46.51,11516,780,9.0,0.8,1.1
1043,68,Other,Bicycle,6,0,3,5.33,1,13.7,8396,655,9.9,5.5,2.7
1044,24,Female,Bike,0,2,1,6.39,1,41.26,8338,705,7.3,2.8,2.9
1045,38,Female,Bicycle,3,0,0,5.22,1,33.87,10950,774,5.7,3.4,1.1
1046,26,Male,Bike,1,0,3,6.16,0,71.75,13500,1116,6.4,5.6,0.8
1047,56,Male,Walking,1,1,3,9.97,0,95.39,12545,773,5.0,3.2,1.6
1048,35,Female,Car,1,1,2,3.08,0,34.12,6241,416,8.6,2.1,0.6
1049,21,Female,Walking,3,3,0,7.4,0,83.03,5695,640,8.6,4.8,0.1
1050,42,Female,Public Transport,0,4,1,5.17,0,14.98,12530,1025,9.3,2.7,2.8
1051,31,Female,Walking,3,0,1,3.06,1,58.43,15312,1014,4.2,1.9,2.8
1052,67,Male,EV,1,4,1,3.27,1,16.35,19972,1391,7.4,4.3,0.5
1053,26,Female,Public Transport,4,3,0,9.59,1,94.06,15318,1107,5.3,4.8,1.2
1054,43,Male,Bike,2,0,1,9.04,0,78.97,19166,1332,6.0,4.8,2.5
1055,19,Male,Public Transport,7,0,1,9.26,0,69.22,12324,923,8.7,5.9,2.0
1056,37,Male,Car,3,4,1,9.93,0,84.15,4218,424,5.2,4.7,1.2
1057,45,Female,Bicycle,0,2,2,3.67,0,68.28,5016,544,7.8,4.6,2.2
1058,64,Male,Bike,0,1,2,4.84,1,97.2,3837,633,7.9,5.1,2.7
1059,24,Male,Public Transport,9,2,0,7.35,0,74.26,17312,1134,9.7,0.0,2.8
1060,61,Female,Bike,2,4,0,5.87,0,93.22,8034,879,8.7,2.2,1.1
1061,25,Male,Bike,8,1,1,5.35,0,56.54,8309,596,8.8,4.4,0.5
1062,64,Female,Bike,6,2,2,4.86,0,20.54,15379,1021,7.2,3.6,2.7
1063,52,Male,Bicycle,1,1,3,6.75,1,57.54,5239,501,5.1,1.1,0.3
1064,31,Female,Walking,8,0,3,6.6,0,21.42,13128,1069,6.6,1.8,2.2
1065,34,Female,Bike,9,2,1,3.29,1,63.32,16856,1087,7.3,2.0,0.4
1066,53,Male,EV,1,1,1,5.77,0,53.42,10611,952,8.1,3.4,1.2
1067,67,Male,Car,2,1,2,6.43,0,66.03,5150,478,7.6,5.0,1.2
1068,57,Male,Bicycle,9,1,2,6.56,1,10.9,12109,956,6.4,5.6,0.5
1069,21,Male,Public Transport,1,2,2,3.68,0,27.54,2446,564,5.6,4.5,2.8
1070,19,Other,Bicycle,2,3,0,7.94,1,54.22,12936,1132,5.0,5.1,0.0
1071,23,Male,Public Transport,5,2,0,2.2,0,95.55,12036,1011,8.2,2.8,2.7
1072,59,Female,Bicycle,8,4,1,4.84,0,44.52,7468,561,7.9,2.3,2.7
1073,21,Male,Public Transport,8,2,0,8.24,0,48.19,15021,908,8.1,2.4,1.0
1074,46,Female,Bike,6,1,2,6.51,1,74.32,5175,420,6.2,3.7,2.1
1075,35,Female,Walking,2,0,2,4.09,0,64.34,16390,1265,5.6,0.7,0.8
1076,43,Female,Public Transport,3,2,0,7.56,1,36.9,6080,711,8.6,3.5,2.3
1077,61,Male,Public Transport,5,2,3,6.54,0,46.97,16471,1304,8.6,4.0,1.7
1078,51,Male,EV,4,1,1,8.37,0,29.59,15893,1173,6.7,2.6,0.9
1079,27,Male,Public Transport,1,0,3,7.88,0,96.94,18248,1083,7.7,5.7,1.2
1080,53,Female,EV,5,0,1,6.88,0,21.76,17009,958,6.2,3.6,2.1
1081,31,Female,Car,2,4,3,5.91,0,43.47,7217,825,8.2,1.3,2.7
1082,48,Other,Bike,7,2,0,3.07,1,12.33,6672,526,9.0,2.9,0.4
1083,65,Male,EV,1,0,1,4.09,0,29.96,2502,597,8.1,4.1,1.7
1084,32,Female,Walking,0,0,1,5.35,0,80.24,2410,558,7.1,1.9,0.8
1085,25,Female,Bike,8,3,1,6.79,0,28.11,4770,673,6.8,0.5,2.4
1086,31,Male,EV,2,3,2,6.11,0,17.21,11097,805,7.9,3.5,0.2
1087,40,Male,Bike,0,0,2,4.31,0,52.7,5001,705,8.1,5.7,2.1
1088,57,Female,Bike,6,4,3,2.05,0,10.9,1598,218,7.4,2.9,0.5
1089,38,Female,Bike,9,0,0,5.97,0,17.63,11976,1056,7.7,5.4,1.8
1090,33,Female,Car,4,1,2,4.29,0,82.69,7391,530,4.6,5.0,2.5
1091,62,Male,Walking,4,2,1,7.88,0,79.43,17450,1225,9.7,0.9,2.3
1092,35,Female,Bicycle,0,4,2,2.19,0,92.36,15908,963,8.7,4.2,2.3
1093,64,Male,Bicycle,8,1,0,6.68,0,86.91,12590,1126,6.2,2.6,1.6
1094,41,Male,EV,6,4,2,9.53,0,71.49,17279,1207,7.4,1.5,2.7
1095,43,Male,Bike,7,1,1,3.4,0,14.71,3750,651,4.3,4.1,1.8
1096,42,Female,EV,8,2,3,5.77,1,80.46,10916,814,4.2,4.5,2.8
1097,62,Female,Car,5,2,1,2.73,1,86.1,7806,667,5.5,1.1,1.6
1098,58,Female,Car,4,3,0,7.01,1,81.92,7429,659,8.1,5.5,1.5
1099,46,Male,Public Transport,5,1,3,6.4,0,55.76,9123,815,9.1,4.5,0.7
1100,32,Female,Car,1,3,2,5.26,1,30.96,19015,1121,7.4,5.6,1.6
1101,62,Male,Public Transport,3,1,2,6.17,1,86.08,7452,488,7.2,1.9,0.4
1102,18,Female,Walking,2,3,2,9.17,1,75.44,18158,1376,6.4,5.6,2.6
1103,42,Male,EV,6,2,3,3.57,0,98.27,16456,1262,5.0,2.2,2.0
1104,24,Male,Walking,8,4,1,2.18,0,24.01,5019,406,4.7,0.3,3.0
1105,26,Male,Car,4,3,3,8.89,1,30.31,13419,987,8.6,4.6,0.3
1106,41,Male,Walking,5,1,3,6.62,0,29.06,1929,302,9.6,4.2,0.7
1107,18,Female,Walking,9,1,0,9.13,0,81.33,7264,766,6.7,3.6,2.6
1108,61,Female,Walking,1,2,3,6.78,0,26.82,8973,720,8.0,2.9,1.2
1109,25,Male,Car,2,1,2,8.48,0,16.0,10697,852,9.5,0.2,1.4
1110,41,Female,Bike,2,0,1,5.44,0,99.87,12136,952,4.5,3.7,2.6
1111,28,Male,Walking,8,4,1,8.0,0,12.23,2184,426,8.6,2.5,1.6
1112,68,Female,Public Transport,6,3,1,9.3,0,85.17,17911,1367,7.7,3.4,0.6
1113,34,Female,Car,7,4,2,6.58,0,42.88,1916,225,7.6,2.6,2.7
1114,25,Female,Walking,9,2,2,3.45,0,85.75,4574,695,5.8,5.8,0.1
1115,52,Male,Bike,8,3,2,4.15,0,59.92,4319,361,8.1,3.6,2.7
1116,52,Female,Car,5,3,2,3.59,0,91.15,18790,1172,8.8,4.5,0.2
1117,50,Female,Bicycle,3,0,2,3.97,0,93.36,18625,1138,4.7,5.6,2.0
1118,22,Male,Bike,0,2,3,4.45,1,10.82,6206,481,7.2,3.5,0.2
1119,59,Male,Public Transport,7,1,2,6.44,0,16.79,18182,1335,4.6,0.1,2.1
1120,56,Female,Walking,6,0,2,6.7,0,32.53,18907,1152,9.2,0.2,0.1
1121,58,Female,Bicycle,1,0,2,5.41,0,70.24,5928,704,7.0,4.2,2.5
1122,45,Female,Bicycle,7,4,2,6.92,1,89.94,17105,1352,8.8,1.7,1.4
1123,24,Female,Car,4,4,1,2.65,0,51.39,3888,565,6.2,3.5,0.3
1124,26,Female,Bicycle,6,4,2,2.7,0,64.63,3690,454,4.8,1.2,2.1
1125,25,Male,Public Transport,3,0,3,3.37,0,26.96,5091,469,4.2,1.6,1.5
1126,29,Male,Public Transport,4,1,3,6.14,0,82.45,14960,1176,5.7,3.0,0.6
1127,51,Male,EV,7,3,3,3.71,1,97.06,1690,257,5.5,5.9,0.0
1128,50,Female,Public Transport,0,4,0,4.27,1,34.17,2495,479,7.4,3.7,1.3
1129,65,Male,Bike,0,1,1,5.2,0,54.53,12085,784,4.1,5.6,0.3
1130,40,Female,Bicycle,3,2,2,8.49,0,17.75,18276,1280,7.1,5.8,0.3
1131,41,Female,Public Transport,2,4,0,2.11,0,60.32,11720,813,6.4,1.2,0.8
1132,54,Female,Car,9,3,2,7.2,0,55.25,6873,768,7.5,1.9,1.9
1133,52,Male,EV,1,2,0,7.35,0,23.0,5503,609,8.2,4.6,1.6
1134,61,Female,Bicycle,2,2,0,8.39,0,49.79,12720,776,7.8,5.2,0.2
1135,57,Male,EV,0,3,3,9.46,0,40.07,14964,1028,9.9,3.1,2.9
1136,39,Female,Bicycle,0,4,3,2.16,0,56.96,1897,350,4.8,6.0,2.7
1137,44,Male,Car,5,0,0,3.23,1,62.71,18094,1062,6.6,0.1,0.8
1138,52,Male,EV,4,3,3,9.09,0,10.76,4695,678,6.5,1.8,0.4
1139,18,Female,Walking,7,3,0,5.67,1,78.49,3686,532,6.5,3.7,2.8
1140,52,Male,Bike,1,3,1,6.52,1,74.17,6778,629,8.0,2.8,1.4
1141,54,Male,Bike,3,2,3,7.3,0,42.97,16150,930,6.9,0.7,0.9
1142,64,Female,Bicycle,7,1,3,7.43,1,14.76,17799,1388,7.1,2.2,1.5
1143,31,Female,Walking,5,0,3,9.45,0,77.94,10663,712,6.6,0.2,2.3
1144,20,Female,EV,0,4,1,9.98,0,95.97,5180,492,10.0,3.9,0.5
1145,18,Female,Walking,3,4,0,7.76,0,31.61,5262,575,9.6,5.4,2.3
1146,22,Female,Walking,0,1,2,4.3,1,39.12,3515,662,5.8,5.3,2.2
1147,43,Male,EV,1,3,3,9.04,0,26.54,12236,1058,4.7,4.2,1.6
1148,31,Male,Car,4,0,0,2.39,0,61.92,15104,1020,9.0,2.8,2.6
1149,56,Male,Walking,7,4,1,3.85,1,23.94,7616,827,10.0,3.1,0.4
1150,44,Female,Walking,7,4,2,9.18,0,42.06,18376,1354,5.8,0.8,1.8
1151,26,Female,Car,2,3,3,4.05,0,72.73,5370,765,6.1,2.0,1.3
1152,32,Male,Walking,3,1,1,3.77,1,60.41,19157,1127,9.6,1.1,1.3
1153,32,Male,Walking,9,0,1,3.11,1,44.78,4816,553,8.3,4.9,0.8
1154,43,Female,Walking,5,1,2,8.87,1,47.82,2756,301,5.8,5.5,1.1
1155,59,Male,Bike,9,1,0,6.0,1,60.59,3373,488,7.5,3.2,0.3
1156,30,Female,Public Transport,2,0,3,7.4,0,10.53,3576,585,9.7,4.4,0.8
1157,68,Female,Car,1,0,3,3.91,1,17.07,5184,644,8.9,0.7,0.8
1158,49,Female,Walking,5,4,0,8.06,0,89.31,3397,453,8.5,3.7,2.2
1159,56,Male,Bike,4,4,0,8.08,0,17.01,13674,989,8.4,4.2,0.1
1160,66,Female,Car,9,0,0,4.5,0,73.61,11326,764,5.1,2.7,2.0
1161,69,Female,Bicycle,4,2,2,5.29,0,92.8,11546,918,8.9,1.5,0.7
1162,49,Female,Bicycle,9,4,2,3.68,1,34.36,5535,533,5.7,5.3,0.2
1163,21,Female,Walking,4,2,3,9.81,1,43.34,15599,976,9.6,4.5,0.9
1164,47,Female,Bike,9,0,2,7.16,0,61.2,10168,649,6.2,5.4,0.7
1165,54,Female,Bike,4,4,1,9.48,0,89.35,18118,1143,9.1,4.9,1.7
1166,40,Male,Car,2,1,3,4.43,0,94.77,1632,463,5.6,5.9,1.1
1167,56,Female,Car,6,0,2,8.26,1,76.56,14280,1040,7.1,1.2,2.9
1168,62,Female,Bike,5,3,0,8.13,1,17.8,15746,958,4.6,0.5,2.9
1169,32,Male,Car,3,2,1,7.53,0,70.22,5268,605,8.0,2.0,1.3
1170,60,Female,Bike,1,0,0,9.73,0,46.93,19047,1069,9.0,0.8,2.4
1171,46,Female,Public Transport,8,0,3,5.15,0,52.36,16321,992,8.3,3.1,0.0
1172,53,Female,Bike,0,4,0,3.05,0,14.42,11207,704,7.1,3.8,1.6
1173,30,Male,Bicycle,3,4,2,7.37,1,27.2,6591,799,4.3,3.5,2.2
1174,49,Male,Car,0,4,2,7.83,0,81.15,17226,1303,9.6,1.6,0.7
1175,24,Other,Bike,5,3,3,6.6,0,50.86,2054,341,8.2,5.5,0.2
1176,68,Female,Bike,3,4,0,3.65,0,37.15,9572,754,8.5,0.1,0.5
1177,39,Male,Car,4,0,3,6.04,0,44.56,14579,1049,8.8,2.1,1.3
1178,45,Female,Public Transport,4,4,0,4.5,1,86.9,11583,770,8.5,4.3,1.5
1179,19,Female,Public Transport,8,1,1,5.42,0,77.41,9007,571,6.6,4.6,1.1
1180,59,Female,Car,0,4,2,7.16,0,34.51,16903,1116,8.4,2.5,1.3
1181,62,Female,EV,1,3,3,7.96,0,20.58,10784,730,7.8,0.1,1.4
1182,23,Male,Car,5,1,1,3.86,0,32.68,5261,554,9.1,3.7,2.3
1183,45,Male,Car,4,0,1,5.24,0,92.87,3389,345,8.8,0.4,0.3
1184,45,Male,Public Transport,6,0,3,4.15,1,62.34,14939,1126,4.2,0.6,2.3
1185,61,Female,Public Transport,2,2,3,3.59,0,58.01,12219,1073,6.3,3.9,2.1
1186,61,Male,Car,2,1,1,8.27,0,63.68,10399,797,4.2,1.9,2.2
1187,37,Male,Car,9,2,0,9.27,0,42.94,1544,414,4.6,2.1,2.2
1188,47,Male,Car,1,1,1,4.96,0,82.64,3239,395,7.6,2.9,1.4
1189,28,Female,Public Transport,2,1,3,8.01,0,57.1,11559,1041,9.2,5.9,0.6
1190,45,Female,Car,9,3,1,9.18,0,20.51,3627,670,4.7,5.8,1.6
1191,42,Male,Car,0,2,0,8.77,1,21.62,7618,759,6.7,2.5,2.9
1192,56,Male,Walking,4,3,2,3.46,1,58.32,13123,774,9.5,1.6,1.8
1193,50,Female,EV,4,1,2,9.65,0,94.29,7780,571,8.9,1.8,0.0
1194,18,Male,Bicycle,6,0,1,5.01,0,37.75,9015,777,7.1,1.6,0.2
1195,44,Male,EV,3,1,0,4.71,0,88.26,4130,676,8.6,3.2,3.0
1196,69,Male,Walking,2,3,2,2.5,0,78.77,17480,1238,7.1,3.6,0.2
1197,30,Male,Bicycle,0,2,1,5.89,1,32.3,15831,1002,4.9,2.9,0.1
1198,58,Male,Car,7,2,1,2.87,0,13.27,3708,535,4.7,2.4,1.1
1199,20,Female,Walking,2,3,0,3.99,0,19.17,6397,582,5.1,1.3,2.9
1200,56,Male,Car,1,2,3,4.54,1,75.56,12528,1083,6.1,2.9,1.0
1201,23,Female,Public Transport,3,4,1,8.47,1,27.97,17840,1159,9.6,2.0,1.2
1202,25,Male,Bike,2,0,3,9.0,0,43.41,6914,665,8.8,3.2,1.9
1203,44,Female,Walking,0,0,3,4.42,0,55.15,5368,671,6.6,4.1,0.1
1204,26,Female,Public Transport,2,0,2,8.87,0,75.29,12179,898,7.0,3.8,2.7
1205,54,Male,Walking,1,2,3,8.86,0,20.19,13076,1077,5.6,2.8,1.6
1206,50,Female,Walking,7,2,0,8.12,1,46.57,19321,1235,8.2,3.3,1.4
1207,68,Male,Public Transport,5,1,2,3.17,1,53.66,14948,1221,8.8,1.7,2.6
1208,59,Other,Bicycle,8,1,2,7.52,1,58.67,18530,1070,5.4,0.1,2.9
1209,61,Male,EV,7,0,2,9.56,0,83.65,14824,1221,4.3,3.8,1.3
1210,41,Male,Car,9,4,1,7.46,1,25.45,5299,377,7.7,1.5,0.5
1211,32,Male,Walking,2,1,1,4.65,0,82.7,15120,1086,7.4,4.0,2.4
1212,49,Other,Car,4,1,3,6.0,0,72.36,9118,711,6.4,4.5,1.2
1213,49,Female,Bike,6,2,2,7.17,0,60.03,11756,820,7.9,5.5,2.8
1214,41,Female,Public Transport,4,4,2,6.08,0,72.96,8953,937,7.3,5.7,2.8
1215,58,Male,Car,7,0,0,2.96,1,47.08,5784,425,5.5,0.1,0.3
1216,69,Female,Public Transport,4,1,3,4.5,0,22.46,16185,961,6.4,5.9,2.9
1217,66,Male,Car,0,4,0,8.42,0,69.92,10024,618,6.6,4.1,1.1
1218,66,Female,EV,4,4,3,8.89,0,57.22,15674,920,9.3,3.9,1.9
1219,69,Male,EV,3,0,3,3.1,0,67.54,18845,1228,9.8,0.1,0.1
1220,29,Male,EV,5,4,1,9.62,0,40.42,12708,1119,9.4,5.2,2.7
1221,56,Male,EV,2,4,1,4.63,0,91.62,2159,402,8.3,0.9,1.9
1222,19,Male,EV,4,4,0,7.3,1,62.86,1386,411,7.5,5.0,1.9
1223,20,Female,EV,1,1,3,8.01,0,17.69,8192,808,8.1,0.1,2.7
1224,66,Male,Public Transport,5,0,2,8.5,0,50.48,11745,989,9.6,3.9,1.5
1225,54,Female,Walking,5,4,1,9.57,0,78.07,10910,679,5.5,2.6,1.2
1226,66,Male,Car,4,4,2,4.5,1,81.47,4409,534,7.2,1.2,2.6
1227,34,Female,EV,5,1,0,8.87,0,54.51,18073,1221,8.1,0.6,2.2
1228,66,Male,Public Transport,6,0,1,3.05,0,90.53,14180,1124,8.1,2.6,2.8
1229,19,Male,Public Transport,4,2,1,7.64,0,34.09,18336,1105,5.5,0.7,2.8
1230,19,Female,Public Transport,0,1,3,7.94,0,46.95,7142,764,7.5,2.9,1.1
1231,45,Male,Walking,7,0,0,7.42,0,90.87,6967,699,8.8,3.8,1.3
1232,40,Male,Car,3,4,3,4.02,1,90.66,8205,517,6.9,5.0,0.8
1233,54,Female,Walking,8,0,1,8.98,0,71.71,17006,1205,8.8,4.1,2.0
1234,49,Female,Bicycle,9,0,0,3.35,0,87.31,13109,1117,6.2,0.4,1.1
1235,50,Male,Public Transport,5,0,1,2.43,1,17.99,14034,1008,9.6,1.8,2.4
1236,18,Male,Bicycle,0,2,0,7.74,0,87.85,3484,404,7.2,1.7,0.4
1237,36,Female,Bike,2,0,1,5.8,0,38.86,2854,465,7.6,5.5,0.3
1238,19,Male,EV,2,2,2,8.79,0,26.05,12631,927,4.2,5.2,0.6
1239,61,Male,EV,9,4,2,5.07,0,31.54,3597,420,5.0,2.2,0.3
1240,43,Male,Walking,3,2,3,3.35,0,47.62,8829,792,7.8,0.4,1.9
1241,49,Female,Car,5,4,2,8.69,0,32.61,9186,654,6.5,5.4,0.4
1242,23,Female,Bicycle,6,4,1,6.39,1,38.85,4983,374,7.0,5.3,0.5
1243,49,Male,Car,9,2,1,3.51,1,22.15,7684,594,4.4,5.1,0.0
1244,21,Male,Walking,3,1,2,7.76,0,36.66,11383,791,9.0,5.1,2.3
1245,28,Male,EV,5,3,3,6.09,0,61.51,18040,1187,8.7,2.9,2.4
1246,34,Female,Car,0,0,2,6.83,0,49.77,13004,917,5.1,1.1,0.5
1247,55,Male,Car,7,3,0,5.69,1,41.2,13103,805,7.8,2.9,2.2
1248,41,Male,EV,6,0,0,8.63,0,77.18,7312,843,8.9,3.0,1.3
1249,22,Female,Bicycle,8,0,0,8.64,0,90.42,8938,550,7.8,2.9,0.7
1250,69,Male,EV,2,4,2,7.68,1,78.11,10954,723,5.9,3.2,1.9
1251,51,Female,Car,1,0,2,2.84,1,39.88,10777,797,7.9,1.5,0.5
1252,23,Male,Bicycle,0,0,2,8.71,1,77.0,4563,535,5.3,2.2,2.3
1253,39,Male,Bicycle,2,2,0,7.37,0,23.68,6041,658,5.9,2.6,0.1
1254,28,Male,EV,4,3,3,7.58,1,21.73,12292,918,5.4,0.8,2.9
1255,65,Female,Car,1,2,1,4.9,1,41.11,9026,805,7.3,2.7,0.2
1256,33,Female,Walking,2,0,2,9.03,0,82.69,14923,856,4.6,4.9,1.7
1257,50,Female,Car,3,4,3,7.8,0,32.17,18424,1028,9.6,5.0,2.7
1258,26,Male,Public Transport,6,2,1,2.9,0,15.69,19657,1113,6.0,2.5,0.0
1259,23,Female,Bike,2,2,1,5.26,1,21.85,4629,358,5.3,3.1,1.5
1260,33,Male,Walking,8,1,1,9.09,0,87.29,3114,460,7.0,0.2,1.1
1261,46,Male,Bicycle,7,0,3,2.38,0,67.04,2677,619,5.7,4.0,1.7
1262,20,Female,Walking,3,4,3,9.69,0,32.79,4094,531,7.2,2.4,0.7
1263,37,Male,Bicycle,0,2,0,7.43,1,59.98,3284,391,6.1,2.7,0.2
1264,53,Male,Bicycle,0,2,3,7.05,0,57.48,6052,656,4.8,5.2,1.9
1265,36,Male,Walking,0,4,3,4.16,0,68.99,18973,1259,5.6,2.8,1.3
1266,43,Male,Bicycle,0,0,3,3.99,0,30.99,19904,1333,6.6,0.1,1.9
1267,20,Male,Bicycle,7,1,1,9.54,1,87.8,13047,958,4.2,1.4,0.6
1268,36,Female,Public Transport,2,2,2,4.39,0,37.84,1694,501,8.6,2.9,1.0
1269,37,Male,Car,5,1,0,8.2,0,72.47,16588,1211,7.7,2.5,1.7
1270,49,Female,Car,2,3,2,5.14,1,11.45,14055,1046,7.6,5.2,1.8
1271,24,Female,Bike,4,0,2,3.11,0,43.54,17080,998,7.3,3.3,1.1
1272,69,Male,Bike,6,3,3,2.09,1,41.65,7704,589,7.5,4.1,0.8
1273,58,Male,Public Transport,1,3,0,6.35,0,58.91,8368,865,9.6,2.8,0.8
1274,50,Male,Bike,5,3,2,9.81,0,16.55,2971,528,4.1,2.6,0.5
1275,57,Female,Walking,5,0,2,4.95,0,81.11,15593,1112,4.3,2.7,1.0
1276,56,Male,EV,2,0,0,4.86,0,29.6,9055,740,5.1,2.5,0.6
1277,35,Female,EV,5,4,3,4.75,0,70.93,12441,765,5.0,3.2,1.9
1278,57,Male,EV,9,1,2,6.16,0,82.29,15677,1107,5.1,1.5,1.7
1279,18,Female,Public Transport,9,1,1,5.53,1,60.57,2868,384,8.0,5.3,1.1
1280,28,Male,Public Transport,4,4,2,9.04,0,76.68,19055,1187,6.8,2.0,1.0
1281,45,Male,Bicycle,1,4,1,6.04,0,69.57,2728,411,10.0,0.9,0.7
1282,42,Female,EV,8,3,3,6.06,0,42.0,8632,672,5.4,0.6,1.6
1283,67,Female,Walking,7,4,2,3.11,1,82.8,13043,831,5.9,0.1,2.8
1284,40,Male,Bike,2,2,0,9.86,0,36.52,7403,551,9.9,2.5,2.1
1285,48,Female,Walking,7,1,0,4.0,0,61.41,16732,1070,9.0,1.1,2.2
1286,47,Female,Bike,8,4,2,2.59,0,77.09,19526,1282,6.8,0.1,2.5
1287,59,Female,EV,2,2,3,7.31,0,44.11,10340,960,7.3,3.1,1.1
1288,52,Female,EV,2,2,3,6.76,0,37.25,7184,635,9.1,4.1,0.2
1289,24,Male,EV,1,2,0,5.32,1,51.34,1253,544,6.9,0.5,1.9
1290,33,Male,Public Transport,7,2,2,5.38,0,83.62,5102,597,5.2,2.8,0.6
1291,43,Male,Bike,9,3,3,8.28,1,93.69,4542,381,9.0,4.5,1.7
1292,65,Female,Public Transport,0,2,0,3.57,0,59.06,7212,600,7.2,5.9,2.2
1293,69,Female,Public Transport,7,3,1,8.56,0,69.53,5637,436,4.9,4.0,2.4
1294,66,Male,Car,6,3,2,7.19,1,91.29,12525,740,7.0,1.5,0.9
1295,19,Male,Walking,6,2,1,5.35,0,18.87,12471,907,6.5,4.3,1.5
1296,18,Female,Walking,2,1,1,5.66,1,30.89,13500,1088,9.3,3.6,1.9
1297,65,Other,Bicycle,0,2,3,4.05,0,73.8,16247,999,4.8,1.3,2.5
1298,29,Female,Public Transport,3,2,3,8.02,1,84.14,11532,772,9.3,5.1,2.3
1299,22,Male,Bike,8,2,3,6.1,0,87.13,14518,968,7.1,2.6,3.0
1300,54,Male,Car,4,1,2,4.57,0,47.36,7476,480,6.4,5.8,0.0
1301,49,Male,Car,0,0,1,6.77,0,18.04,2004,414,5.0,4.3,1.3
1302,26,Female,Walking,4,0,2,9.97,0,49.4,11286,836,8.2,3.9,0.8
1303,58,Male,Public Transport,7,3,3,5.48,0,30.77,5717,607,9.6,4.4,0.4
1304,52,Female,Bicycle,7,3,1,9.37,0,36.21,4271,352,6.3,2.9,2.7
1305,36,Male,Public Transport,4,1,2,4.76,0,79.5,13714,966,5.4,3.0,3.0
1306,65,Female,EV,8,4,2,2.44,0,16.8,1209,429,7.3,5.1,0.5
1307,33,Female,Public Transport,0,0,0,3.63,1,84.48,6539,612,8.8,4.1,0.1
1308,20,Female,EV,3,3,2,5.35,0,48.49,17537,1220,4.0,5.4,0.8
1309,37,Male,EV,2,0,3,3.76,0,63.65,9606,888,7.8,5.3,2.5
1310,41,Male,Bicycle,1,1,2,2.0,0,18.07,12616,960,7.6,5.9,0.9
1311,50,Male,Bike,7,1,1,9.32,0,40.36,2284,596,5.9,4.2,0.2
1312,41,Female,Walking,6,4,2,8.75,0,18.07,4148,461,6.7,3.0,0.2
1313,69,Female,Public Transport,8,4,0,7.94,0,96.54,1768,362,5.5,1.0,1.3
1314,28,Female,EV,1,1,1,3.34,1,82.65,6607,765,8.7,4.2,2.8
1315,66,Female,Public Transport,3,3,1,2.96,1,51.37,19594,1193,7.8,1.7,0.9
1316,25,Female,Bike,5,0,0,2.54,0,30.12,8399,908,7.2,1.7,1.3
1317,53,Male,Walking,2,2,3,7.79,0,94.01,1358,477,6.4,1.4,0.3
1318,55,Female,Bike,7,4,1,9.43,0,41.01,1849,491,5.7,5.3,1.5
1319,57,Male,Walking,2,2,3,5.44,0,24.49,8498,541,8.9,5.2,2.1
1320,37,Male,Car,1,3,1,2.95,0,60.68,5522,647,6.7,3.8,0.8
1321,52,Female,Walking,2,4,1,6.1,0,94.94,19928,1107,7.0,2.8,0.9
1322,65,Male,Bicycle,5,2,3,4.79,0,10.34,13773,1088,7.1,4.0,2.5
1323,42,Male,Bike,1,3,1,5.0,0,31.43,19215,1251,6.7,3.6,0.0
1324,52,Female,EV,7,0,3,6.97,0,94.46,18856,1273,5.5,2.5,1.9
1325,42,Male,Car,0,3,0,7.75,1,25.4,10628,723,4.7,2.3,1.2
1326,46,Female,Bicycle,6,4,3,2.88,0,20.19,1329,383,4.6,2.3,0.9
1327,35,Male,Public Transport,1,1,0,2.28,1,61.32,6851,719,8.5,3.5,2.0
1328,63,Male,Bike,9,0,1,9.95,1,87.57,8032,853,5.3,3.9,2.5
1329,35,Male,EV,5,2,3,3.86,0,52.94,16326,1218,4.3,2.7,1.7
1330,19,Male,Walking,1,4,1,2.43,0,99.51,6266,441,8.8,5.8,0.1
1331,52,Female,EV,1,1,3,3.52,0,71.13,5354,667,4.9,0.5,1.4
1332,33,Male,Public Transport,9,3,0,2.31,1,16.67,16082,980,7.8,2.1,1.4
1333,58,Female,Car,7,1,0,5.13,1,99.35,5722,394,6.0,2.5,1.6
1334,53,Male,Car,1,4,3,8.42,0,46.71,18772,1061,4.8,0.1,2.0
1335,50,Female,Bike,6,4,0,4.73,0,35.87,9911,609,6.5,2.2,0.1
1336,21,Female,Car,2,1,1,5.55,1,60.21,4235,474,4.1,1.6,1.5
1337,50,Female,Bike,7,3,1,7.4,0,37.39,5576,390,9.0,3.0,1.8
1338,31,Male,Bike,6,1,2,6.07,1,17.78,2100,551,7.1,2.0,1.0
1339,38,Male,Bike,7,4,0,8.89,1,10.13,9864,764,4.8,4.4,2.0
1340,65,Male,Walking,6,4,1,8.93,0,50.46,9708,941,5.4,3.1,0.7
1341,37,Female,Bicycle,5,2,3,2.08,0,85.32,19916,1421,6.7,0.8,1.0
1342,25,Male,Bike,6,2,0,8.22,0,61.51,18165,1207,5.1,4.5,2.9
1343,24,Female,Bike,4,0,1,5.69,0,99.93,15439,1248,5.6,0.6,1.0
1344,20,Female,Bicycle,6,4,0,9.91,0,35.82,12750,812,7.2,5.0,1.0
1345,34,Male,EV,0,2,3,5.87,1,35.24,10781,802,9.0,5.6,1.8
1346,50,Female,Bike,0,1,1,9.9,1,24.38,5995,770,6.4,1.9,2.9
1347,65,Male,Walking,8,3,2,8.04,1,24.77,18885,1104,8.3,5.6,2.9
1348,29,Male,Car,4,1,2,3.99,0,35.67,12986,993,9.3,4.8,1.7
1349,68,Female,Car,4,3,0,6.31,1,81.36,13510,1156,5.3,5.5,0.0
1350,39,Female,Public Transport,2,2,3,9.94,1,91.52,10268,767,8.8,4.0,2.7
1351,39,Female,Public Transport,4,0,1,8.86,0,97.76,1502,431,8.5,1.4,1.7
1352,63,Male,Car,2,1,3,2.78,0,30.91,10531,869,6.1,5.4,1.1
1353,47,Male,Car,8,1,1,7.65,0,89.32,9009,711,9.9,1.1,2.5
1354,55,Female,Walking,8,1,0,4.76,1,39.54,18007,1067,5.6,1.3,1.2
1355,55,Female,Bicycle,5,3,1,2.06,0,20.16,12542,1070,5.5,1.6,0.1
1356,62,Female,Public Transport,0,2,3,5.23,1,88.3,18434,1297,8.6,1.8,2.5
1357,68,Male,Bicycle,6,1,3,3.88,0,67.25,18713,1195,6.6,3.1,1.6
1358,25,Female,Walking,6,1,0,8.55,1,24.83,14435,1211,6.0,4.3,1.0
1359,44,Male,Car,9,0,3,4.7,0,48.68,5114,613,5.1,5.6,0.8
1360,44,Male,Bike,9,0,1,8.62,0,35.85,14568,1134,8.6,0.5,1.8
1361,51,Female,Bicycle,3,2,0,2.0,0,76.31,4367,652,8.7,5.7,0.6
1362,38,Male,Car,7,2,1,4.46,0,50.81,9095,648,7.4,5.5,1.0
1363,47,Female,Car,5,4,3,3.93,1,99.04,6141,652,9.7,0.3,1.9
1364,50,Male,EV,3,0,0,3.87,0,14.93,4951,567,5.9,2.2,2.6
1365,45,Male,Bicycle,3,4,1,2.55,0,41.95,15887,1016,5.3,4.9,1.6
1366,64,Female,Bike,1,3,3,3.5,0,53.37,2573,414,8.1,3.7,2.3
1367,50,Female,Bicycle,1,4,3,6.44,0,55.28,14359,1078,8.6,4.7,2.3
1368,22,Female,Car,3,1,2,4.33,0,38.43,3768,560,5.3,4.3,2.0
1369,65,Female,Bike,4,4,3,5.34,0,75.63,6302,787,4.5,3.0,0.7
1370,36,Female,Walking,7,2,1,5.01,1,88.73,14746,896,8.9,0.2,2.6
1371,21,Female,EV,5,3,0,9.01,0,94.48,2211,334,9.9,3.5,1.3
1372,52,Female,Car,3,1,2,9.24,1,82.46,16445,1258,7.9,0.3,0.1
1373,66,Male,Public Transport,6,4,3,5.94,1,86.55,16815,1280,5.7,3.6,0.7
1374,34,Female,Public Transport,7,3,3,4.64,0,59.55,2160,258,10.0,4.8,2.3
1375,61,Male,EV,1,3,3,2.85,0,84.33,8041,679,9.4,3.5,0.2
1376,45,Other,Walking,6,1,1,9.63,0,37.32,19767,1226,7.1,6.0,0.4
1377,47,Female,Car,1,4,2,2.48,1,45.86,11846,1018,9.0,2.7,2.1
1378,46,Male,Bicycle,1,3,1,4.38,1,38.52,6876,612,8.9,4.5,2.7
1379,63,Female,EV,7,3,2,4.38,0,52.06,13889,832,9.6,4.0,1.9
1380,23,Female,Walking,1,0,0,4.56,1,35.7,14882,912,9.0,5.9,0.7
1381,52,Male,Bicycle,8,3,1,3.31,0,96.55,15738,1121,7.9,4.3,0.2
1382,58,Female,Public Transport,0,0,1,8.27,1,38.16,2095,251,7.7,1.0,1.8
1383,54,Female,Public Transport,8,4,0,2.98,1,18.82,6901,825,6.8,5.7,0.1
1384,41,Male,Bicycle,0,4,2,7.08,0,57.41,9215,616,7.8,4.0,1.8
1385,46,Female,EV,9,4,3,2.99,0,15.14,13911,1071,8.8,0.4,0.7
1386,66,Male,Public Transport,9,2,0,2.56,0,19.95,15123,1193,9.8,3.9,2.7
1387,63,Female,Car,1,4,3,9.28,0,29.75,2079,301,6.8,5.3,1.4
1388,48,Other,Bike,5,3,3,3.52,1,51.79,13510,789,7.4,3.5,0.7
1389,52,Female,Bicycle,5,1,0,8.57,0,48.99,19344,1391,6.7,2.1,2.6
1390,50,Male,Bicycle,0,0,2,6.36,0,81.97,2473,401,8.0,4.9,0.8
1391,69,Female,Public Transport,6,2,3,2.62,0,76.55,5888,725,7.8,4.7,0.9
1392,38,Female,EV,7,4,0,9.64,1,48.37,5979,459,4.1,3.3,2.5
1393,49,Male,Car,1,4,1,3.98,0,40.03,2212,328,7.2,0.9,0.9
1394,40,Female,EV,7,1,1,8.88,0,38.48,10001,636,4.5,1.5,1.2
1395,50,Male,Walking,8,1,1,3.35,0,79.66,14248,945,4.2,4.4,1.0
1396,20,Female,Walking,5,2,0,8.83,1,14.69,1419,195,8.7,4.8,0.3
1397,35,Male,Bike,4,0,1,2.11,1,11.15,16608,937,5.6,1.7,0.1
1398,42,Male,Public Transport,8,4,3,6.09,0,81.6,4659,335,6.0,2.2,2.2
1399,59,Male,Public Transport,8,2,1,8.16,0,52.94,6283,434,4.4,0.5,1.9
1400,48,Female,Public Transport,0,3,1,9.48,0,21.78,11715,833,5.1,4.3,0.8
1401,20,Male,Bike,2,3,3,9.27,0,31.2,17165,982,8.6,0.0,0.9
1402,57,Female,Walking,8,2,1,8.56,0,93.93,2340,359,7.0,0.3,2.8
1403,63,Male,EV,1,4,3,9.11,1,87.36,15805,1134,9.3,0.0,3.0
1404,41,Male,Bike,3,2,1,3.59,0,73.88,11584,721,6.4,3.9,1.4
1405,67,Female,Bike,3,4,3,4.27,1,53.4,15780,1181,5.6,2.5,2.4
1406,49,Female,EV,1,1,1,4.31,0,56.83,6137,590,6.1,1.8,2.2
1407,64,Male,Public Transport,2,2,3,5.02,1,97.77,18745,1078,8.3,5.5,0.9
1408,39,Female,Car,2,4,0,5.15,1,96.92,1591,270,7.3,1.2,0.2
1409,40,Female,EV,0,2,3,6.36,0,29.37,1526,492,9.4,2.3,0.4
1410,19,Female,Walking,5,2,1,3.28,0,83.0,8855,939,7.6,5.6,2.5
1411,44,Male,Bicycle,7,4,1,7.53,0,27.75,11695,1007,7.0,2.6,2.2
1412,59,Male,Bicycle,2,4,2,3.34,0,29.22,2292,266,8.7,3.3,2.0
1413,19,Female,Bike,4,0,3,4.48,0,70.85,19038,1134,9.7,0.5,0.4
1414,43,Male,Bicycle,0,2,0,6.03,0,46.45,17571,1011,6.1,4.7,1.9
1415,34,Female,Car,9,3,3,8.37,1,93.84,9625,656,5.5,2.5,2.3
1416,57,Female,Public Transport,6,2,3,7.92,0,18.01,7431,823,7.7,4.8,2.6
1417,50,Female,Walking,9,2,0,7.16,1,56.04,16926,1142,7.0,1.5,0.0
1418,26,Female,Car,0,4,3,3.25,0,92.67,12704,1020,9.9,2.5,2.1
1419,60,Other,Walking,8,2,0,6.38,1,91.37,1437,258,6.8,4.7,0.1
1420,65,Male,Walking,7,2,0,2.7,0,24.09,11780,923,4.4,5.8,2.1
1421,56,Female,Public Transport,6,3,3,5.02,1,43.0,18216,1241,9.9,0.4,1.9
1422,46,Male,Bike,9,4,3,5.31,0,65.72,9988,605,9.1,4.9,0.4
1423,59,Male,Bicycle,6,2,1,2.32,0,24.35,9953,888,5.1,1.8,2.3
1424,43,Female,Public Transport,4,1,1,4.19,0,97.12,6794,476,9.4,3.3,0.2
1425,52,Female,Car,4,0,2,9.65,0,92.33,4574,379,6.0,1.7,2.5
1426,67,Other,Bike,4,3,2,9.63,0,25.03,17301,1107,6.3,3.7,0.8
1427,42,Female,Car,0,2,3,4.82,0,20.9,1684,579,9.4,2.1,2.1
1428,41,Male,Bike,7,1,0,2.34,0,17.69,5233,581,7.2,2.0,2.8
1429,30,Male,Car,0,2,2,3.43,1,91.85,17961,1237,4.8,0.2,1.0
1430,24,Female,Public Transport,3,2,3,5.14,0,27.43,13997,941,6.2,0.9,1.5
1431,53,Male,Bike,8,4,2,9.58,0,47.47,9007,898,8.3,5.5,1.4
1432,62,Male,Bike,8,4,0,3.13,1,50.4,17611,1342,5.0,6.0,0.5
1433,37,Male,Walking,4,4,3,8.11,0,63.91,3328,647,7.5,4.7,1.8
1434,18,Male,Walking,3,1,0,2.87,0,16.46,10019,648,8.2,1.7,2.2
1435,25,Male,EV,2,2,3,9.85,0,30.41,17814,1266,6.1,2.4,2.8
1436,63,Male,Car,2,0,2,5.05,1,93.83,10255,882,8.2,4.4,2.6
1437,33,Male,Walking,4,3,1,8.2,1,91.76,19093,1067,9.3,5.8,1.5
1438,31,Male,EV,9,4,2,4.74,1,80.32,6782,736,6.8,2.7,2.2
1439,29,Other,Walking,0,4,2,7.02,0,11.75,2234,225,6.3,5.0,2.4
1440,68,Male,Car,4,2,1,3.54,1,39.43,6205,643,5.5,5.9,1.5
1441,40,Male,Bike,5,2,1,3.17,0,66.52,2420,283,7.6,5.2,0.3
1442,32,Female,Bicycle,6,1,3,9.5,0,34.77,18152,1202,9.3,1.4,1.3
1443,45,Male,Car,8,1,3,9.34,0,91.86,10596,655,5.9,0.0,2.5
1444,51,Female,Public Transport,2,4,0,9.1,0,67.05,5355,459,6.4,3.0,1.8
1445,19,Female,Walking,1,2,0,7.0,0,16.47,18922,1150,6.4,3.2,2.2
1446,49,Male,Walking,2,0,2,8.47,0,91.81,18715,1343,7.4,1.2,0.6
1447,40,Male,Bike,8,3,1,2.55,0,96.2,9261,614,5.4,1.7,2.9
1448,39,Female,Public Transport,6,2,0,4.68,0,16.99,14765,1156,8.9,4.6,1.2
1449,68,Female,Bike,8,2,2,4.51,1,57.91,6944,627,5.8,2.8,2.0
1450,42,Male,Public Transport,1,1,1,7.09,0,37.3,8126,562,8.2,1.9,0.1
1451,39,Female,Bicycle,4,3,3,4.85,1,45.36,17864,1112,7.1,3.7,0.4
1452,39,Male,Walking,3,4,2,3.19,0,26.17,6263,720,7.5,3.9,2.3
1453,66,Other,Walking,1,2,3,6.77,1,62.03,16300,1277,5.1,4.6,2.9
1454,69,Male,Bicycle,8,4,0,8.52,0,96.22,3793,331,8.4,0.9,1.0
1455,59,Female,EV,8,2,0,5.06,0,55.28,3892,428,5.1,4.4,0.1
1456,23,Female,Bike,5,4,1,3.06,0,17.46,2198,581,4.7,3.6,1.1
1457,32,Female,Bicycle,5,3,2,3.57,0,65.8,19756,1346,7.3,0.3,0.1
1458,60,Female,Bike,7,1,3,3.9,1,40.62,19276,1259,8.3,4.7,0.6
1459,54,Male,Car,5,3,1,4.4,0,87.03,2883,376,4.3,2.3,2.3
1460,50,Male,Walking,0,0,0,7.14,0,49.12,1797,443,4.4,2.0,2.8
1461,25,Male,Bike,3,1,0,6.81,1,27.36,9209,779,8.8,2.7,0.3
1462,61,Male,Public Transport,6,3,2,7.57,0,27.2,9235,896,8.9,2.1,1.7
1463,61,Female,Bike,1,0,3,4.9,0,79.19,17538,1016,5.5,2.0,0.8
1464,22,Male,Car,8,2,2,8.59,0,33.9,16257,1299,7.7,4.8,0.4
1465,56,Male,Walking,7,2,3,3.63,0,79.05,9050,806,6.7,0.7,0.7
1466,21,Other,Bicycle,7,4,3,5.75,0,28.53,6947,448,7.8,5.8,1.7
1467,23,Female,Car,6,1,2,8.41,0,38.95,10617,824,9.2,3.3,0.2
1468,62,Female,Walking,3,2,1,3.44,1,51.89,2892,485,4.5,1.1,1.3
1469,49,Other,Bike,1,1,2,2.88,0,94.89,4424,469,8.7,0.8,0.4
1470,69,Male,EV,2,2,2,9.07,0,93.86,10450,819,7.0,3.5,0.8
1471,47,Male,EV,5,4,0,4.74,0,28.62,14418,1118,7.4,3.8,0.6
1472,64,Female,Public Transport,4,3,0,7.47,1,42.24,3015,494,7.9,0.3,2.6
1473,52,Female,Walking,7,4,2,2.2,1,23.45,5833,728,9.5,1.5,2.1
1474,57,Male,EV,5,0,2,7.52,0,55.9,10894,751,4.3,4.8,2.6
1475,69,Female,Bicycle,5,2,0,4.53,1,51.45,16942,1339,4.2,0.3,1.2
1476,33,Male,Walking,0,0,3,2.45,0,91.07,10065,814,5.1,5.1,0.9
1477,30,Male,Bicycle,3,0,2,6.88,0,93.7,1565,333,9.9,3.9,1.1
1478,67,Female,Bicycle,4,1,1,3.93,0,44.52,8412,545,8.3,2.6,0.1
1479,59,Female,EV,2,2,1,5.09,0,54.26,19402,1151,7.7,2.1,2.2
1480,47,Female,Walking,8,0,1,2.64,0,90.66,11077,735,4.3,0.1,1.0
1481,36,Male,Bike,0,3,2,3.18,1,82.6,11315,795,9.3,5.0,0.9
1482,34,Female,Car,5,0,3,4.38,0,10.33,13834,1119,8.9,0.9,1.8
1483,36,Male,EV,5,3,3,2.72,1,38.81,3314,364,8.0,1.9,1.3
1484,45,Male,EV,9,1,0,9.29,0,47.96,5412,625,6.0,3.4,2.9
1485,43,Female,Bike,4,0,2,2.05,0,30.67,4883,392,4.4,1.5,1.1
1486,54,Female,Walking,4,4,3,5.87,0,27.96,12384,781,7.5,3.0,1.8
1487,43,Female,Walking,9,1,2,2.99,0,13.4,11051,962,8.3,4.9,0.9
1488,40,Female,Bicycle,4,3,0,4.46,0,67.9,9216,849,4.6,2.8,3.0
1489,26,Female,Bike,5,1,0,9.41,0,33.63,12695,838,7.8,5.7,1.3
1490,29,Female,Bike,7,0,0,3.29,0,14.71,8902,649,5.7,5.1,1.9
1491,18,Male,Walking,1,2,1,9.73,0,30.79,14187,1133,8.6,2.0,0.4
1492,18,Male,Bicycle,5,2,2,3.65,1,82.17,18573,1042,7.2,2.4,2.2
1493,64,Male,EV,0,3,0,7.93,0,86.63,13288,938,4.8,2.5,0.8
1494,51,Male,Public Transport,3,3,2,6.37,0,53.48,15210,1118,7.2,3.8,1.3
1495,49,Female,Car,9,2,1,9.08,0,47.45,7884,704,6.4,1.7,2.6
1496,65,Female,EV,2,3,1,6.43,1,98.01,11559,935,5.1,5.8,2.9
1497,42,Male,Walking,8,1,0,6.28,1,28.05,19125,1157,9.0,3.7,1.3
1498,57,Male,Car,2,4,0,3.56,0,29.38,4688,593,4.1,2.4,2.5
1499,62,Female,Public Transport,5,4,3,3.33,0,36.27,15114,1198,5.9,3.9,0.2
1500,18,Male,Public Transport,0,1,2,9.33,0,25.55,6369,576,4.1,2.4,2.5
1501,33,Female,Bicycle,5,4,0,4.62,1,44.14,12938,790,4.6,4.9,1.9
1502,56,Female,Car,3,0,3,4.98,0,91.98,5023,651,5.8,3.4,1.5
1503,22,Female,Bicycle,7,1,2,8.08,0,65.38,16982,1199,4.3,0.3,2.7
1504,39,Female,EV,8,3,0,4.71,0,47.08,18100,1335,7.6,1.1,2.5
1505,46,Female,Bike,3,1,3,9.62,0,94.1,4967,512,4.5,5.2,0.9
1506,20,Male,Bike,9,2,3,7.9,1,14.36,8423,713,8.2,3.4,2.4
1507,29,Female,Bike,9,3,2,6.78,0,28.92,7450,480,4.3,5.7,0.3
1508,43,Female,Car,5,2,3,9.05,0,60.93,13213,1133,4.4,0.4,2.5
1509,33,Male,Bike,0,3,2,2.4,0,65.4,4215,374,5.8,1.8,2.0
1510,68,Female,EV,3,4,2,4.06,1,13.56,1390,555,9.4,1.2,0.3
1511,54,Female,Bicycle,6,1,2,5.72,1,46.27,1232,442,7.8,3.3,2.0
1512,39,Female,Car,0,0,1,3.82,0,68.42,8634,711,8.6,2.3,1.7
1513,46,Female,Bicycle,7,3,3,7.95,0,72.83,12498,1005,4.8,0.9,1.8
1514,31,Female,Car,9,3,2,9.35,1,67.43,11916,973,9.0,3.9,0.9
1515,45,Female,Bicycle,5,2,0,5.39,0,38.85,1233,190,4.0,3.2,0.8
1516,22,Female,Public Transport,4,4,1,4.74,0,18.42,2391,484,5.3,1.6,2.3
1517,64,Female,Bicycle,9,2,1,9.69,0,48.44,12084,1031,7.7,2.9,0.8
1518,66,Female,Bike,8,2,3,5.56,1,21.59,10447,838,6.3,4.5,1.3
1519,47,Female,Public Transport,1,4,2,5.91,0,95.29,15184,1178,9.9,1.2,2.1
1520,63,Female,Bicycle,4,0,3,4.81,1,52.77,12882,1142,4.2,1.8,0.2
1521,69,Male,Car,5,2,1,9.28,0,38.55,15838,1269,10.0,2.1,1.8
1522,22,Female,Car,6,2,2,6.55,0,78.97,18273,1117,7.7,4.5,1.8
1523,29,Female,Car,4,3,0,8.1,0,54.82,8902,728,7.4,5.1,2.1
1524,33,Male,Walking,8,4,2,8.49,0,37.9,13879,1122,4.4,2.3,1.1
1525,43,Female,EV,0,1,1,4.73,0,83.08,18129,1153,5.6,1.8,1.3
1526,43,Male,Car,6,0,0,5.47,0,88.04,10911,749,9.5,5.3,1.0
1527,65,Male,Public Transport,9,0,2,8.79,0,70.57,1427,217,6.1,6.0,2.4
1528,38,Female,Car,6,4,0,4.91,1,14.23,1731,272,8.0,4.0,0.4
1529,56,Male,Walking,3,3,0,8.35,1,60.97,1799,497,10.0,5.9,2.9
1530,53,Female,Bike,8,3,1,9.53,0,78.7,8025,629,5.6,4.0,1.9
1531,50,Female,Public Transport,4,4,0,6.99,0,22.29,15481,1131,7.5,4.4,2.7
1532,47,Female,Walking,3,3,3,7.93,0,30.58,8624,844,8.2,2.3,1.3
1533,54,Male,Bike,6,0,1,8.44,0,89.42,15961,1044,5.0,2.6,1.0
1534,40,Male,Public Transport,3,0,3,8.76,1,11.81,19922,1167,4.9,0.9,2.7
1535,27,Female,Bicycle,2,1,0,5.16,0,77.75,9232,700,6.7,4.9,0.3
1536,22,Other,EV,8,4,3,2.41,0,52.64,4367,344,6.3,5.6,0.4
1537,53,Female,EV,7,2,2,5.22,1,50.21,14262,841,8.3,3.7,0.9
1538,51,Male,Walking,0,2,0,7.39,0,10.64,6229,681,4.4,2.1,2.9
1539,69,Female,Bike,6,1,2,5.6,0,83.75,19799,1262,9.8,0.9,1.9
1540,48,Female,EV,8,1,3,7.99,0,42.38,14747,1089,4.1,1.6,1.7
1541,27,Female,Bike,7,3,2,4.86,0,58.67,5261,747,7.6,1.5,2.1
1542,36,Male,Bike,7,1,0,7.08,0,70.96,4466,382,7.4,3.7,1.3
1543,49,Female,Walking,5,1,2,3.49,1,73.24,14785,945,4.8,5.7,2.3
1544,18,Female,Walking,3,2,3,7.99,1,96.04,4088,523,4.9,0.3,1.2
1545,22,Other,Walking,7,3,3,6.37,0,57.82,14015,1058,8.8,0.0,2.5
1546,62,Male,EV,2,1,3,3.63,1,45.97,2115,575,9.3,3.6,0.8
1547,21,Female,Walking,8,1,0,4.34,0,95.83,5578,523,5.7,1.7,0.8
1548,33,Female,EV,1,3,3,7.99,1,67.79,3590,330,6.6,5.3,1.6
1549,41,Male,Walking,1,4,0,5.86,0,36.83,8372,577,6.1,2.0,1.3
1550,33,Female,Car,6,3,2,3.73,1,21.38,4573,361,4.4,1.7,1.9
1551,19,Female,Bike,9,2,3,9.74,1,85.83,3978,393,8.0,1.6,1.1
1552,66,Male,Walking,3,4,2,7.72,0,42.6,11639,769,9.0,0.9,0.7
1553,45,Male,Public Transport,9,0,1,9.66,1,69.44,10422,936,5.8,3.5,1.4
1554,49,Female,Bike,7,3,2,5.42,1,52.37,11858,922,9.9,1.0,1.7
1555,44,Male,Bike,8,2,1,5.8,1,27.9,5975,672,4.5,2.5,0.4
1556,37,Female,Walking,6,4,2,9.18,0,64.15,5925,641,8.0,2.8,1.7
1557,41,Male,Bicycle,4,3,0,6.2,1,15.46,11786,799,6.7,0.1,1.0
1558,29,Female,Walking,7,1,2,7.66,1,47.2,15716,1118,6.7,0.1,1.2
1559,67,Male,Bike,3,3,0,4.02,0,59.2,2995,526,6.7,3.1,0.8
1560,52,Female,Public Transport,1,0,0,5.57,1,49.24,14844,1007,5.6,4.2,2.8
1561,50,Other,Bike,5,3,3,2.99,0,77.38,4891,471,8.3,5.7,2.1
1562,50,Other,Public Transport,8,4,0,3.65,0,84.51,16522,1162,8.3,1.1,0.8
1563,68,Female,EV,0,4,1,2.01,0,79.41,8145,797,5.7,0.6,1.9
1564,60,Male,Car,9,3,3,2.31,0,13.49,9498,680,9.0,0.3,2.5
1565,54,Female,Bike,6,4,3,9.82,0,27.47,10554,754,5.9,2.6,1.2
1566,29,Male,Walking,9,1,2,3.94,0,58.29,3102,449,8.4,3.7,2.5
1567,20,Male,EV,8,3,0,7.31,1,94.13,4030,639,4.7,5.0,0.5
1568,18,Male,Car,9,1,0,8.71,0,85.15,9524,969,5.0,4.1,2.5
1569,50,Female,Walking,8,1,1,6.41,0,85.83,9107,697,5.9,1.3,1.6
1570,57,Female,Bicycle,9,2,2,3.23,0,37.29,17626,1375,7.6,2.8,0.7
1571,27,Female,Walking,2,3,2,7.82,0,48.65,19268,1173,7.9,5.5,1.2
1572,60,Male,Public Transport,4,4,3,6.8,1,52.36,15935,985,6.4,2.0,3.0
1573,61,Male,Public Transport,7,1,3,7.85,0,24.16,10624,881,4.5,3.0,2.4
1574,46,Other,Bicycle,7,2,3,8.16,1,12.8,16823,1220,6.2,5.8,1.7
1575,30,Male,EV,3,3,1,9.8,0,95.22,8863,875,8.1,4.4,0.3
1576,29,Male,Car,0,3,1,6.59,0,31.66,4109,528,8.0,4.5,1.3
1577,48,Male,Walking,0,0,3,4.73,0,31.6,19570,1178,5.0,1.5,0.8
1578,63,Female,Public Transport,3,0,2,7.19,0,17.5,13482,905,4.0,2.5,0.2
1579,19,Female,EV,5,1,1,2.55,0,93.57,2550,239,8.5,0.5,1.6
1580,68,Male,Bicycle,7,0,2,9.18,0,62.18,1646,279,4.6,3.6,2.7
1581,67,Male,Bike,5,1,2,2.96,0,70.03,14407,939,4.5,0.6,2.0
1582,52,Female,Public Transport,8,4,0,4.62,1,92.04,13700,1077,4.0,5.0,0.7
1583,40,Female,Bicycle,8,1,3,8.53,0,41.11,1537,479,6.6,4.9,1.7
1584,34,Male,Walking,1,0,0,6.78,0,65.94,15166,1056,7.0,3.2,2.8
1585,43,Female,Car,9,4,3,5.15,0,13.49,7572,478,7.8,0.8,2.2
1586,25,Male,Public Transport,0,0,3,5.79,0,26.81,1234,220,5.8,0.2,2.1
1587,46,Male,Public Transport,1,1,2,8.84,1,84.81,15067,1102,8.3,4.8,2.9
1588,43,Female,Walking,4,2,3,4.72,0,79.01,10696,773,5.0,3.6,2.4
1589,27,Male,Bike,3,3,2,8.96,0,41.56,15150,1005,9.0,4.3,0.4
1590,43,Female,EV,3,0,2,2.71,1,43.91,18758,1431,7.4,1.8,1.0
1591,51,Male,Car,8,1,3,8.21,0,58.02,2909,288,7.5,3.1,2.9
1592,68,Male,Public Transport,7,4,2,8.78,0,10.02,13150,1127,5.3,4.5,1.5
1593,58,Other,Car,5,0,2,3.45,0,31.71,1080,339,4.4,2.8,0.3
1594,24,Male,Public Transport,0,0,2,5.44,0,28.74,3083,361,6.8,3.6,1.4
1595,21,Female,Car,1,3,1,3.32,1,32.54,14378,861,7.7,4.7,2.1
1596,67,Male,Bicycle,5,1,2,7.65,1,82.53,16217,987,4.6,1.3,3.0
1597,62,Male,Public Transport,1,2,1,6.28,1,35.17,19074,1278,9.7,0.4,1.0
1598,28,Male,Car,9,4,1,7.08,0,27.24,18140,1168,9.9,3.2,1.5
1599,46,Female,EV,4,1,2,3.57,0,55.38,3670,563,7.3,0.4,2.6
1600,53,Male,Bicycle,4,4,2,3.69,1,87.91,4751,589,9.7,4.6,1.1
1601,42,Female,Bicycle,5,0,1,2.33,0,31.72,12744,868,5.1,4.3,0.3
1602,38,Male,EV,5,3,1,4.58,0,17.07,6261,784,4.2,5.3,2.8
1603,53,Other,Car,5,3,2,6.48,0,42.08,15691,1258,4.2,3.8,1.5
1604,27,Male,Walking,1,2,2,8.86,0,77.29,7852,635,7.5,0.4,1.5
1605,54,Female,EV,9,3,3,7.34,0,59.56,2494,489,4.4,1.5,1.9
1606,26,Female,Car,2,0,1,5.48,1,83.51,18285,1122,9.8,4.8,0.0
1607,41,Female,EV,5,2,1,9.62,1,96.36,1672,376,4.9,1.0,2.8
1608,52,Female,EV,7,1,3,7.75,0,81.34,9630,615,5.8,4.2,1.1
1609,66,Female,Public Transport,0,3,1,9.44,0,64.34,11268,1052,8.9,4.7,1.2
1610,52,Female,Car,0,2,0,6.22,0,54.4,1444,446,5.3,2.0,0.5
1611,65,Male,Walking,1,0,1,4.07,1,13.61,10157,793,5.5,1.9,1.1
1612,53,Male,Public Transport,5,4,3,2.42,0,98.59,12982,991,7.9,3.3,2.4
1613,35,Female,EV,8,4,0,7.81,1,44.51,9655,845,5.7,5.2,2.4
1614,66,Female,Bike,3,0,2,2.97,0,23.7,19582,1088,5.3,1.3,2.8
1615,56,Female,EV,2,0,3,4.42,0,70.0,3287,429,5.5,5.6,1.2
1616,49,Female,EV,7,4,3,6.26,0,35.59,12957,775,6.9,3.6,2.1
1617,41,Male,Car,9,2,2,6.52,1,62.72,5008,620,9.8,6.0,1.5
1618,40,Male,Car,8,4,3,6.8,0,62.81,12696,820,9.0,0.5,2.4
1619,49,Female,Public Transport,4,0,1,3.33,0,50.12,10104,627,5.7,0.8,2.1
1620,54,Male,Walking,8,3,2,5.04,0,85.25,1496,383,6.2,5.0,1.1
1621,29,Male,Public Transport,1,1,3,6.94,1,33.85,2463,268,6.8,5.2,1.0
1622,66,Female,Bicycle,2,3,2,9.76,1,50.38,13459,799,9.9,2.7,0.8
1623,30,Male,EV,6,3,2,7.82,0,58.39,17877,1018,5.0,4.3,1.7
1624,40,Female,Bike,6,0,2,9.38,1,69.73,18810,1305,6.1,5.2,2.9
1625,42,Male,EV,5,4,0,8.1,0,80.56,10884,818,8.4,0.3,0.6
1626,52,Female,EV,5,2,3,6.73,0,45.53,19177,1061,9.8,3.4,0.3
1627,58,Male,Public Transport,1,3,0,3.54,0,68.14,3723,596,4.9,5.1,0.4
1628,47,Male,Bike,9,4,3,7.33,0,23.55,18042,1323,5.4,2.4,2.3
1629,34,Male,Bike,5,2,1,6.99,1,93.94,5761,454,5.4,1.8,1.1
1630,66,Male,Bike,3,3,1,6.82,1,44.48,8630,665,4.1,4.8,0.7
1631,37,Male,Public Transport,2,2,1,5.92,0,75.66,17375,1022,7.6,2.0,1.1
1632,65,Male,EV,1,4,3,6.23,0,11.83,9741,617,8.0,0.0,1.9
1633,42,Female,Public Transport,0,1,2,4.68,1,28.47,5350,440,7.6,5.8,1.6
1634,39,Male,Car,4,4,2,6.15,1,53.84,1207,178,4.4,3.6,2.2
1635,30,Female,Car,1,0,0,3.58,0,89.04,5190,514,4.4,4.9,1.0
1636,36,Female,Public Transport,1,2,0,8.44,1,57.45,2883,580,5.3,5.0,1.4
1637,66,Female,Bike,6,1,1,3.49,0,93.69,3886,449,5.7,0.4,0.3
1638,53,Male,EV,7,2,0,2.68,0,53.54,17861,1139,8.7,1.0,0.2
1639,29,Female,Public Transport,9,2,3,5.49,1,54.14,9953,683,5.0,1.9,1.4
1640,58,Male,Public Transport,7,3,3,7.27,0,20.78,9381,588,4.3,1.9,0.9
1641,36,Male,Public Transport,3,0,0,5.5,0,82.24,14795,1107,6.4,4.0,1.8
1642,29,Other,Bicycle,0,2,0,4.21,0,32.23,18139,1338,6.5,3.7,0.1
1643,26,Male,Car,6,4,0,6.47,1,90.97,10638,673,6.7,3.0,0.4
1644,24,Female,Bike,0,4,0,4.78,1,91.97,5931,790,9.0,1.3,2.6
1645,45,Female,Walking,3,3,1,9.46,0,94.9,10855,1040,4.6,2.3,1.7
1646,31,Female,Bike,7,0,1,9.38,0,56.82,6724,741,8.2,3.3,2.1
1647,48,Female,Walking,1,0,0,6.02,0,70.94,13420,798,6.0,2.8,2.5
1648,69,Male,Bicycle,5,4,3,4.62,0,80.07,5060,612,5.9,0.8,1.4
1649,36,Male,Public Transport,5,1,1,7.9,0,21.79,5765,409,9.6,3.9,2.3
1650,64,Female,Bicycle,8,3,3,2.29,1,64.09,7553,851,5.5,0.4,1.6
1651,33,Male,Bicycle,4,3,2,5.8,0,13.09,8378,618,7.9,2.3,0.7
1652,22,Male,EV,9,4,3,4.69,0,54.78,19073,1091,5.7,4.3,1.0
1653,52,Male,Car,3,4,0,9.36,0,23.94,18700,1324,7.0,0.1,1.5
1654,29,Male,Walking,4,1,2,2.1,0,26.46,8130,858,8.7,3.4,1.0
1655,42,Male,Public Transport,9,1,1,6.42,1,42.85,4186,608,9.3,2.0,1.0
1656,69,Male,Walking,4,0,1,7.93,0,48.92,6789,608,9.0,0.1,1.0
1657,38,Female,Bike,7,3,2,5.88,0,66.09,17122,1251,7.5,1.1,0.4
1658,53,Female,Walking,9,3,3,2.68,0,16.7,18529,1378,5.5,5.6,0.3
1659,40,Female,Bike,7,4,1,9.78,0,55.33,8942,942,8.0,3.1,0.1
1660,33,Male,Car,1,0,0,6.14,0,26.44,8548,656,8.3,6.0,0.3
1661,56,Male,Bike,6,3,2,6.91,0,61.66,17944,1152,4.1,3.1,1.0
1662,62,Male,Walking,7,0,0,3.89,0,67.37,19296,1137,6.6,3.3,1.8
1663,59,Female,Walking,5,0,2,5.87,0,60.1,19248,1403,9.1,2.4,0.6
1664,56,Female,Bike,4,4,1,5.43,0,76.45,1296,253,6.9,1.9,2.7
1665,31,Male,Bicycle,8,0,3,2.6,0,40.2,3409,336,5.9,1.5,2.4
1666,48,Female,Car,2,1,2,2.85,1,78.86,2461,458,9.2,2.1,1.6
1667,22,Male,EV,9,1,2,8.7,0,48.95,3268,462,4.9,2.8,2.2
1668,52,Female,Public Transport,3,2,0,3.92,0,53.58,18378,1349,5.2,1.2,1.1
1669,40,Female,Walking,8,4,1,3.56,0,68.33,7554,703,8.1,1.3,0.1
1670,46,Female,Public Transport,5,2,0,6.04,0,11.65,17391,1316,6.1,1.6,2.7
1671,60,Female,EV,7,1,1,8.15,1,68.86,19899,1326,8.3,2.7,0.4
1672,28,Female,Public Transport,6,2,0,2.5,0,65.67,18801,1305,4.9,3.9,2.8
1673,35,Male,EV,1,4,2,6.61,1,37.89,19700,1170,5.5,5.1,1.7
1674,64,Female,Bike,2,4,0,2.95,0,17.72,8358,618,4.9,1.7,0.9
1675,29,Male,Bicycle,0,0,3,2.29,0,18.18,18671,1246,9.7,1.1,1.5
1676,26,Female,Walking,8,3,1,2.42,1,93.09,18502,1132,6.4,2.3,1.5
1677,27,Female,EV,6,0,1,8.67,0,72.04,8637,695,6.0,5.4,0.1
1678,61,Female,Public Transport,0,4,2,2.94,0,21.44,1660,273,4.1,0.1,1.1
1679,34,Male,Walking,2,1,1,2.36,0,42.11,9907,786,4.9,4.1,2.2
1680,55,Female,Bicycle,3,1,3,5.5,1,63.32,7922,830,6.5,2.9,1.5
1681,24,Female,Bike,3,0,0,8.75,0,85.2,12953,832,4.4,1.0,0.7
1682,63,Female,Walking,4,4,2,4.1,1,13.93,19913,1316,7.1,1.9,1.0
1683,30,Male,EV,2,1,3,5.37,0,31.3,4970,710,6.7,1.3,2.6
1684,57,Male,Bicycle,2,4,1,2.32,1,90.08,4407,420,8.6,5.3,1.6
1685,59,Male,Public Transport,0,1,1,5.59,0,10.82,10046,827,8.0,2.9,1.6
1686,26,Male,Bicycle,6,4,3,6.62,1,28.13,15547,1240,6.7,3.4,2.9
1687,67,Female,Bicycle,9,2,0,6.57,0,96.31,5760,447,5.3,3.6,1.0
1688,44,Male,Car,0,4,0,4.66,1,65.21,19281,1313,8.4,3.8,1.4
1689,19,Other,Bicycle,1,4,2,4.52,0,33.55,14465,870,8.2,3.0,2.4
1690,22,Male,Bicycle,3,0,1,2.85,0,16.03,5087,470,4.9,0.1,2.3
1691,46,Male,Walking,3,2,3,4.93,0,12.54,8607,756,9.5,2.0,0.8
1692,54,Female,Public Transport,4,3,0,2.8,0,32.03,5019,711,4.4,1.1,0.5
1693,55,Female,Walking,1,0,2,8.13,0,89.33,1815,222,4.3,4.1,2.1
1694,36,Female,Walking,3,3,1,9.73,1,47.43,13563,821,5.1,0.3,0.8
1695,25,Female,EV,0,1,1,9.76,1,74.83,14292,978,9.5,3.4,2.8
1696,65,Female,Walking,1,3,2,8.92,0,92.65,17158,1324,7.1,1.3,0.4
1697,62,Male,Car,0,4,2,6.81,1,46.72,1922,540,8.7,5.7,1.0
1698,18,Other,Car,9,3,0,7.61,0,27.21,13929,1087,5.4,2.0,0.2
1699,39,Other,EV,9,0,3,4.28,0,56.54,15925,1232,6.9,2.0,2.1
1700,69,Female,Bike,3,0,1,7.05,1,91.73,18648,1375,6.1,5.5,2.7
1701,34,Male,Public Transport,3,3,3,5.65,0,82.39,11979,1083,9.0,2.5,1.9
1702,24,Female,Public Transport,6,0,1,5.86,1,15.92,3722,572,4.1,5.8,2.8
1703,42,Male,Walking,9,0,1,8.06,0,72.33,6355,780,5.5,0.1,0.4
1704,62,Male,Walking,8,3,3,4.26,0,61.47,14301,1039,4.9,1.8,0.3
1705,21,Male,Bike,8,2,2,4.54,0,91.67,3550,562,9.2,4.0,2.5
1706,53,Male,Walking,4,2,0,9.4,0,21.02,12141,910,6.8,5.3,2.6
1707,23,Female,Public Transport,9,1,1,2.45,0,58.06,19057,1223,6.4,1.5,2.5
1708,48,Female,Bicycle,0,0,2,5.89,1,89.15,12284,725,6.7,5.6,2.4
1709,36,Female,Car,0,3,1,9.3,1,46.9,19050,1358,9.8,3.6,1.1
1710,61,Male,Bicycle,5,0,0,6.88,1,53.38,2384,339,9.1,4.8,0.7
1711,56,Male,Bicycle,1,4,1,6.37,0,16.34,9252,805,8.2,2.4,2.8
1712,44,Male,Public Transport,7,0,0,4.0,0,35.03,8238,662,5.7,1.3,0.9
1713,27,Other,Bicycle,8,0,0,4.75,0,39.21,7026,602,5.0,5.5,1.2
1714,43,Male,Bike,3,2,1,8.82,0,95.06,11482,861,9.5,5.6,2.1
1715,36,Female,EV,4,3,1,6.47,0,35.44,14801,1234,6.5,3.0,0.9
1716,56,Female,Walking,7,0,0,6.12,1,51.48,17120,968,5.7,0.0,2.5
1717,20,Male,EV,2,2,2,2.8,0,70.42,16580,1019,6.8,0.7,0.2
1718,62,Female,Car,4,1,3,2.13,0,24.6,9664,782,9.5,3.4,2.4
1719,30,Female,Walking,2,2,0,9.71,0,53.78,18342,1090,6.3,0.1,1.8
1720,67,Female,Bicycle,9,2,1,5.02,0,76.47,1493,429,7.4,2.4,1.7
1721,45,Female,Car,2,2,1,6.83,0,88.02,17465,1248,8.8,1.8,1.4
1722,37,Male,Walking,2,0,2,2.64,1,66.36,7999,826,6.6,4.3,0.8
1723,45,Male,Bike,6,0,3,7.46,0,70.21,14833,1169,5.4,0.3,1.4
1724,25,Female,Bike,6,1,0,9.46,1,21.37,3970,368,10.0,2.9,1.4
1725,58,Female,Bike,6,4,0,6.61,0,95.12,1011,227,9.7,3.5,1.8
1726,56,Male,Bike,9,4,3,3.01,0,21.93,16551,1210,9.1,3.7,0.8
1727,18,Female,Bicycle,7,4,0,6.65,0,79.72,18145,1136,8.1,2.4,0.2
1728,20,Female,EV,4,1,3,8.13,1,33.83,4185,685,5.8,1.8,0.4
1729,30,Female,Walking,4,4,1,5.25,1,94.02,17409,1012,9.5,4.1,2.1
1730,45,Male,Bicycle,3,4,3,9.04,0,74.8,2806,247,5.7,5.1,0.1
1731,66,Female,Bike,6,2,0,7.19,0,77.84,6664,445,8.8,4.2,2.6
1732,42,Female,EV,9,0,3,9.19,0,29.72,15126,1068,9.5,5.6,2.1
1733,50,Male,Car,3,0,2,6.99,0,49.87,13894,904,7.6,4.3,2.3
1734,55,Male,Car,1,2,1,3.05,1,65.6,6154,697,8.8,4.6,2.5
1735,23,Other,Car,3,2,1,4.48,0,79.3,14767,860,8.8,1.0,0.4
1736,61,Male,Bike,7,2,3,3.61,0,19.36,16226,1212,5.2,2.5,2.5
1737,62,Female,Car,8,0,0,9.27,0,96.61,2525,479,8.0,2.9,1.5
1738,49,Female,Public Transport,2,4,2,8.08,0,90.12,1760,202,4.6,1.5,2.7
1739,62,Male,Walking,6,2,1,7.41,0,34.33,17978,1127,7.0,3.2,2.7
1740,64,Female,Walking,8,1,1,4.41,0,84.05,14880,904,5.0,1.7,0.1
1741,38,Male,Bike,3,2,0,3.47,1,56.65,2055,316,6.5,4.1,1.1
1742,33,Female,Public Transport,9,3,0,8.05,1,51.56,11046,971,9.0,2.8,1.6
1743,38,Male,Bicycle,2,2,2,5.79,0,38.3,4083,611,9.9,2.8,2.0
1744,28,Female,Bicycle,4,0,3,3.81,1,62.29,16678,1257,5.9,5.9,0.9
1745,54,Male,Car,0,2,0,6.93,0,75.69,13108,821,7.2,2.4,0.8
1746,53,Male,EV,2,3,3,2.32,0,46.98,10650,880,7.1,2.2,1.1
1747,52,Other,Bicycle,7,1,2,4.61,0,66.63,6957,621,9.7,1.9,1.5
1748,36,Male,EV,7,4,3,5.75,0,72.94,6255,750,6.9,5.4,2.9
1749,37,Female,Walking,3,2,1,3.18,0,74.0,10411,621,8.2,3.0,2.3
1750,35,Male,EV,1,3,3,9.88,0,14.68,17344,1138,9.5,3.6,1.3
1751,64,Female,Walking,7,3,2,3.67,0,87.38,10691,967,6.2,1.1,0.2
1752,58,Male,Public Transport,7,1,2,3.04,1,51.24,19214,1343,9.4,3.2,0.5
1753,66,Other,Public Transport,9,0,2,3.63,0,33.62,4395,372,9.5,1.6,1.4
1754,31,Male,Bike,3,2,3,8.15,0,31.76,2203,276,9.6,4.4,2.4
1755,32,Male,Bike,2,3,1,5.4,0,53.47,4044,403,5.6,5.0,1.1
1756,48,Male,Car,1,1,0,6.52,0,89.81,8272,632,6.4,4.3,1.6
1757,18,Male,Bicycle,8,4,1,2.17,0,44.05,4514,515,9.2,4.4,2.7
1758,20,Female,Car,0,3,3,2.28,1,77.48,10990,952,6.2,3.1,2.7
1759,33,Male,Walking,6,1,3,5.57,0,18.71,7192,505,7.6,4.3,0.6
1760,40,Female,Car,4,0,0,8.53,0,52.85,11767,909,4.7,2.5,0.1
1761,28,Male,EV,7,0,3,9.08,0,99.25,17528,996,4.3,3.9,0.9
1762,29,Male,Walking,3,3,2,2.69,0,79.34,8507,682,6.5,1.6,2.1
1763,27,Female,Bike,6,3,2,6.31,0,28.95,5857,739,7.5,0.4,2.9
1764,49,Female,Public Transport,4,2,2,9.31,0,55.13,13118,913,6.4,2.5,0.2
1765,33,Male,Bike,4,1,2,5.1,0,31.03,18761,1414,7.5,2.8,0.1
1766,25,Male,Bicycle,8,3,2,8.64,0,46.86,4146,678,7.1,1.5,2.7
1767,55,Male,Walking,8,2,3,3.07,0,80.21,18177,1242,8.1,4.4,2.2
1768,29,Female,Walking,8,2,0,9.48,1,79.41,6756,586,7.9,0.4,3.0
1769,41,Female,EV,5,3,0,8.01,0,30.53,5414,626,6.5,1.3,1.2
1770,45,Male,Bicycle,5,0,2,9.53,1,93.0,18494,1188,6.5,4.5,1.2
1771,25,Female,Public Transport,4,1,3,7.41,1,63.33,4937,422,4.8,2.6,0.5
1772,45,Female,Walking,8,1,1,4.91,0,44.19,4963,432,7.1,4.2,0.3
1773,53,Female,Walking,9,0,1,9.51,0,55.17,6897,489,7.5,3.4,1.7
1774,43,Female,EV,7,3,3,4.2,0,64.46,9974,990,6.9,5.7,1.1
1775,25,Male,Car,6,1,2,4.66,0,60.39,15377,914,6.0,3.6,0.2
1776,67,Male,Public Transport,6,3,0,7.61,0,53.78,18500,1237,8.3,0.1,2.7
1777,45,Male,Bike,5,3,3,8.12,1,55.44,17056,1010,4.4,2.1,0.6
1778,45,Male,Bicycle,4,2,1,9.44,1,25.88,2750,290,9.5,0.9,2.2
1779,54,Female,Walking,3,0,1,3.64,0,83.15,5027,692,4.1,5.5,0.8
1780,58,Female,Walking,2,3,1,8.38,0,58.76,12528,737,9.8,0.6,2.4
1781,53,Male,Bike,2,4,2,7.91,0,21.8,6745,628,6.8,2.3,0.4
1782,44,Male,Public Transport,5,0,1,2.51,1,78.95,10679,638,6.5,1.4,2.3
1783,34,Male,Car,3,1,3,5.1,0,93.92,6938,754,5.5,5.1,0.3
1784,26,Female,Walking,5,2,3,4.26,0,95.26,13150,900,4.1,1.9,1.3
1785,50,Male,Public Transport,2,1,1,4.44,1,43.21,14406,1165,5.6,6.0,2.2
1786,37,Female,Bike,3,1,3,9.86,0,22.2,18743,1297,4.7,0.2,0.5
1787,30,Male,EV,8,0,1,7.14,1,56.66,5853,464,8.0,0.8,0.9
1788,45,Male,Car,4,1,1,7.74,0,20.13,19325,1239,5.9,1.3,2.6
1789,65,Other,Bicycle,6,3,0,9.81,0,94.06,4148,538,8.6,4.9,2.7
1790,46,Other,Walking,9,1,2,5.02,1,26.52,17243,1231,5.2,5.3,0.1
1791,30,Male,Public Transport,1,2,2,8.41,0,32.75,8933,907,9.4,0.4,0.5
1792,63,Female,EV,4,2,0,5.48,0,46.6,10436,842,7.1,0.2,0.4
1793,52,Female,Bicycle,8,4,0,8.96,0,44.48,18669,1084,4.7,4.5,0.5
1794,23,Female,Public Transport,2,2,2,3.45,0,81.52,7474,588,6.4,0.8,2.9
1795,35,Male,Public Transport,8,1,1,9.58,0,51.07,15679,908,5.2,0.8,1.7
1796,68,Female,Bicycle,5,2,1,3.75,0,25.37,12228,763,5.2,0.1,1.4
1797,22,Female,EV,3,0,2,4.61,0,34.05,1770,552,7.0,0.3,3.0
1798,64,Female,Bike,6,2,1,8.05,0,55.82,2843,270,8.0,1.6,1.7
1799,42,Male,EV,7,3,0,5.15,1,23.27,1073,171,9.5,0.4,2.0
1800,19,Male,Car,5,0,1,6.87,1,65.05,19044,1354,7.0,2.2,1.0
1801,27,Male,Walking,4,4,1,5.56,0,60.92,17059,1343,9.8,5.0,1.1
1802,47,Female,Bicycle,5,3,3,7.94,0,74.32,9000,828,9.6,2.0,1.8
1803,67,Male,Bike,4,1,3,3.83,0,94.39,14273,929,9.2,4.4,0.2
1804,62,Female,Bicycle,7,1,3,2.47,0,92.1,17121,1061,7.0,0.6,0.8
1805,22,Other,Bicycle,0,1,1,4.4,1,95.15,1331,474,4.8,4.0,0.6
1806,50,Male,EV,6,3,2,5.79,1,32.02,18805,1266,5.3,1.9,0.0
1807,18,Female,Walking,9,3,0,3.34,0,21.84,8512,876,7.9,4.5,1.6
1808,35,Male,Car,9,3,1,4.84,0,37.2,5931,581,6.5,0.8,1.7
1809,49,Female,Public Transport,1,0,2,5.2,0,90.56,13742,1047,4.9,5.4,1.2
1810,64,Male,Public Transport,8,0,1,2.46,0,97.48,14426,836,6.9,1.5,0.8
1811,66,Female,Bicycle,0,1,0,6.67,0,87.34,6113,677,4.1,2.1,2.0
1812,28,Female,Walking,9,2,1,9.07,1,19.9,9419,729,8.4,5.7,0.4
1813,38,Female,Bike,5,1,0,3.21,1,95.27,3881,651,4.4,3.5,1.6
1814,43,Female,EV,8,4,1,6.78,0,48.1,14145,1056,7.8,2.2,2.3
1815,42,Female,Walking,0,0,0,7.32,0,10.84,14556,1050,8.8,5.7,0.5
1816,39,Female,Walking,3,3,1,5.35,1,49.82,3575,533,4.8,2.0,2.3
1817,44,Female,EV,3,0,0,7.61,0,14.15,13714,964,7.1,0.6,2.3
1818,66,Female,Bicycle,8,3,3,5.29,0,58.95,7185,478,8.7,6.0,0.2
1819,30,Male,Walking,4,4,1,6.04,0,40.47,9656,693,5.6,1.6,0.1
1820,50,Female,Public Transport,4,4,1,2.06,1,52.61,6741,556,5.0,5.1,2.9
1821,51,Female,EV,5,0,2,7.53,0,65.19,17661,1176,6.0,1.0,0.6
1822,58,Female,Bike,0,3,2,7.29,0,88.19,1065,263,7.3,4.4,2.5
1823,52,Male,Car,0,4,0,2.31,1,69.57,5262,572,7.5,3.1,1.7
1824,18,Female,Bicycle,8,1,1,4.95,1,49.06,6704,435,4.8,5.9,0.8
1825,38,Male,EV,2,1,0,9.83,1,83.75,16355,974,6.7,3.3,0.4
1826,65,Female,Car,3,3,3,5.37,0,91.5,9594,671,5.6,0.2,1.5
1827,23,Male,Car,0,0,2,6.02,0,20.78,13175,978,9.1,3.6,1.2
1828,45,Female,Bike,8,4,0,9.28,1,57.87,13696,994,5.9,0.9,2.1
1829,34,Other,Walking,7,0,0,7.74,1,35.61,7255,693,9.0,4.8,2.7
1830,22,Male,Bike,1,1,2,6.66,0,14.24,8441,783,6.6,5.1,2.4
1831,48,Other,Walking,7,4,1,8.38,0,70.17,15986,1262,8.4,2.9,0.8
1832,22,Male,Walking,6,0,0,8.91,1,87.65,14350,919,7.1,4.7,2.6
1833,55,Female,EV,5,2,2,5.66,1,24.66,15440,921,7.7,0.9,2.5
1834,20,Female,EV,0,3,1,5.8,0,83.12,8960,921,6.4,3.0,2.8
1835,40,Female,Bicycle,6,3,3,5.09,0,86.81,18821,1150,8.6,2.4,1.4
1836,54,Female,Walking,9,2,2,9.73,0,92.29,14665,920,6.6,3.7,2.3
1837,54,Female,Car,6,1,0,7.58,0,33.88,7629,500,6.7,0.3,1.8
1838,27,Male,Public Transport,8,4,3,2.67,0,91.36,14828,854,7.1,4.5,0.9
1839,27,Male,Bicycle,0,3,1,8.9,0,38.86,5541,509,9.0,0.5,3.0
1840,36,Female,EV,1,2,1,5.84,0,59.71,8876,838,8.0,3.9,0.1
1841,34,Female,Bike,8,2,2,2.55,0,14.55,14311,848,6.1,0.1,0.5
1842,38,Female,Bicycle,8,1,2,6.4,0,13.95,15588,1258,8.0,5.0,2.7
1843,31,Female,Bicycle,5,1,2,5.34,1,74.83,17648,1189,7.9,1.0,0.2
1844,26,Male,Bicycle,5,0,1,9.02,0,50.0,13380,1069,9.6,3.1,2.7
1845,63,Female,Bicycle,3,3,3,3.63,0,33.07,10877,841,9.0,1.6,2.1
1846,18,Male,Public Transport,3,0,1,8.61,1,27.14,18818,1119,7.9,4.3,0.1
1847,68,Female,Bike,4,2,0,6.46,0,70.3,6097,474,6.0,1.9,1.3
1848,62,Male,Bike,2,4,1,2.44,1,10.04,19044,1206,8.7,4.3,2.3
1849,30,Male,Bike,0,4,0,9.77,1,82.53,19738,1163,7.5,1.7,1.7
1850,21,Male,Walking,0,1,3,6.1,0,17.13,7461,550,9.9,4.5,2.8
1851,18,Male,Car,6,4,2,4.33,1,27.23,8044,673,5.5,0.2,2.6
1852,66,Female,Bike,0,4,2,5.76,0,44.76,6497,712,4.5,1.7,1.0
1853,57,Male,Bicycle,0,4,1,8.86,0,53.64,14751,869,4.4,3.0,0.3
1854,49,Male,Bicycle,2,2,2,4.44,0,41.95,10304,914,7.8,0.3,2.8
1855,51,Male,Bike,9,4,3,3.54,0,38.86,11426,946,9.6,1.1,1.6
1856,45,Male,Bike,3,4,2,3.03,1,96.75,12058,1068,4.0,5.6,0.2
1857,48,Male,Bicycle,3,4,1,4.38,0,67.74,12260,719,8.4,5.9,2.4
1858,25,Male,Walking,1,0,3,8.24,0,12.11,19563,1237,7.9,4.4,2.6
1859,56,Female,EV,0,2,0,5.77,0,48.72,1634,420,8.4,1.5,1.9
1860,43,Female,EV,2,1,1,3.82,0,88.75,11057,675,6.1,1.6,1.3
1861,51,Female,Bike,3,0,0,3.33,0,37.13,14345,1030,8.9,3.9,2.0
1862,20,Male,Public Transport,2,3,3,4.66,0,18.51,11147,726,4.3,0.7,2.1
1863,67,Male,Bike,7,2,1,9.52,1,78.25,19602,1447,8.5,5.7,2.7
1864,29,Female,Bike,9,2,1,4.74,0,64.54,2389,434,5.6,1.3,2.9
1865,18,Female,EV,0,3,3,9.9,1,61.33,14071,906,6.9,6.0,1.5
1866,61,Male,Bicycle,1,3,2,5.88,0,14.82,12322,930,8.9,3.0,2.4
1867,22,Male,Bike,6,3,1,3.43,1,22.64,5276,416,5.6,4.6,2.9
1868,47,Male,Bicycle,3,1,1,9.13,1,66.03,13306,1058,5.1,0.0,0.5
1869,47,Male,Bicycle,7,4,0,5.68,0,28.7,2249,541,8.1,5.3,0.1
1870,34,Male,Public Transport,2,2,2,7.68,0,55.37,18629,1366,7.2,1.6,2.6
1871,65,Female,Bicycle,5,4,0,9.87,1,59.04,9245,764,7.1,4.0,0.6
1872,64,Female,EV,8,4,0,2.4,0,35.52,12102,992,5.5,4.8,0.1
1873,40,Female,Walking,0,3,2,2.77,1,95.36,17226,1005,4.2,1.0,0.5
1874,32,Female,Walking,0,1,2,7.76,0,85.82,11588,995,6.5,2.7,1.2
1875,54,Female,Car,7,0,3,4.25,0,75.01,1442,369,4.6,3.0,0.7
1876,38,Female,Bike,2,1,2,3.47,0,17.02,7976,713,9.4,1.9,0.9
1877,31,Female,EV,4,4,1,2.31,1,19.55,5675,691,4.2,2.9,2.9
1878,19,Male,Bicycle,0,1,2,2.17,0,54.35,12803,1123,6.6,1.9,2.1
1879,28,Male,Walking,4,3,3,8.2,1,24.46,8953,878,4.3,2.2,2.1
1880,68,Male,EV,5,0,3,3.08,1,98.04,5377,551,4.6,4.0,0.3
1881,56,Female,Walking,7,3,3,5.74,0,24.27,11599,705,8.0,3.8,2.2
1882,55,Female,Bicycle,2,0,2,6.85,0,53.87,8058,667,7.9,1.4,2.2
1883,51,Male,Walking,2,4,2,5.43,1,42.77,18206,1327,4.2,5.4,2.0
1884,55,Female,Bike,9,0,0,2.22,0,67.54,12894,1017,4.0,5.2,0.7
1885,67,Male,Bike,8,0,0,8.27,1,21.61,3939,678,4.5,3.1,1.3
1886,51,Female,Car,3,0,1,2.08,0,48.73,2031,565,8.6,2.6,2.5
1887,35,Male,Car,3,1,0,8.1,0,34.72,11208,762,7.5,2.3,2.0
1888,47,Male,Walking,6,1,1,9.15,1,89.9,1562,510,4.2,4.2,2.2
1889,32,Female,EV,1,4,3,5.46,0,13.65,11730,1058,6.9,4.0,1.8
1890,44,Male,Bike,7,0,0,6.28,0,92.24,17724,1089,8.3,1.2,1.3
1891,68,Male,EV,5,2,2,5.82,0,84.97,17152,1201,9.2,4.0,2.3
1892,51,Male,EV,2,4,0,5.11,0,36.78,14998,1153,9.6,1.5,0.2
1893,69,Female,Walking,8,0,1,9.1,0,81.04,19680,1252,6.0,0.1,2.0
1894,55,Female,EV,4,0,0,9.15,1,12.81,17618,1095,4.8,4.2,3.0
1895,50,Male,Bike,7,1,3,4.69,0,97.02,10308,755,5.4,3.9,2.3
1896,41,Female,Bicycle,6,4,2,6.92,0,57.39,10609,985,8.7,2.5,0.9
1897,32,Female,Car,7,0,1,9.42,0,37.3,18675,1157,9.8,3.2,0.8
1898,47,Male,Bicycle,6,0,2,9.7,0,42.63,9720,610,6.8,5.7,2.0
1899,59,Male,EV,2,4,2,6.07,0,15.98,11172,851,5.8,3.6,2.7
1900,68,Male,Bicycle,1,2,1,5.62,1,99.04,15457,1255,6.6,3.9,1.7
1901,34,Male,Bike,6,4,2,4.23,1,13.54,3939,395,5.8,0.4,1.6
1902,22,Female,Bike,2,4,2,9.67,0,68.94,15345,871,5.5,1.0,0.5
1903,46,Male,EV,2,2,0,3.14,0,49.85,17158,975,7.6,1.8,2.1
1904,21,Female,Walking,1,4,2,6.64,0,95.4,6435,590,4.1,3.2,2.1
1905,27,Female,Bicycle,3,0,2,4.26,0,32.14,6392,692,5.6,4.7,2.9
1906,34,Male,Walking,7,4,2,4.23,0,57.89,8972,801,8.0,1.9,0.9
1907,27,Female,Walking,0,2,2,5.24,0,53.41,18617,1150,4.2,2.1,2.3
1908,34,Male,Public Transport,0,3,1,9.99,0,73.26,15799,920,4.5,1.5,1.3
1909,37,Other,EV,4,4,3,2.44,0,16.12,16052,1050,5.8,1.5,1.7
1910,41,Female,Car,4,1,0,6.63,0,27.44,7044,717,9.3,5.7,2.4
1911,22,Female,Bike,0,0,2,2.66,1,29.31,15415,906,8.6,3.8,0.7
1912,51,Female,Bike,5,0,2,3.24,0,76.43,18274,1189,4.1,0.9,1.0
1913,23,Male,EV,0,1,1,5.52,0,27.02,14858,1183,7.0,4.3,2.3
1914,19,Female,Car,4,1,3,6.08,0,61.61,18572,1040,5.6,4.3,1.7
1915,30,Female,Bike,8,4,2,4.07,0,29.37,6644,614,7.9,4.0,0.3
1916,60,Female,EV,4,1,1,4.53,1,87.55,18124,1150,8.3,0.8,1.3
1917,60,Female,Bike,5,3,0,2.7,0,94.8,18753,1301,9.2,2.4,1.8
1918,65,Female,Walking,7,2,0,4.43,0,56.66,19384,1156,6.9,0.6,2.7
1919,28,Male,Bicycle,0,1,2,9.73,0,41.71,18855,1087,10.0,4.9,0.6
1920,68,Male,Bicycle,1,1,2,9.56,1,31.07,18920,1437,9.9,3.9,2.4
1921,64,Female,Bike,8,3,3,4.68,0,14.48,17702,1103,9.3,3.0,0.4
1922,40,Male,Public Transport,2,0,3,6.57,0,34.17,6153,425,7.4,2.1,0.7
1923,33,Female,Car,5,0,2,9.28,0,68.88,2894,463,6.4,1.1,0.7
1924,48,Female,Car,4,4,1,2.05,0,58.03,8991,781,6.2,0.6,2.6
1925,28,Male,Car,1,3,3,8.49,0,94.96,16439,1014,4.1,5.8,0.6
1926,33,Male,Walking,6,2,2,9.59,0,45.66,10467,873,5.5,1.2,2.4
1927,25,Female,Car,3,2,3,2.73,0,72.45,6935,695,8.3,0.4,1.4
1928,21,Male,Bicycle,0,3,2,3.29,1,54.04,18107,1286,7.6,5.8,3.0
1929,57,Female,Walking,3,2,0,9.69,0,56.13,3329,497,9.5,3.3,2.5
1930,21,Male,EV,5,0,2,6.3,0,34.1,10327,661,4.3,4.8,2.2
1931,42,Female,Car,6,2,0,2.11,0,50.95,3770,661,4.9,0.3,2.6
1932,20,Male,Car,6,2,3,4.06,1,52.37,5846,437,8.7,3.4,1.9
1933,49,Female,EV,6,3,2,5.6,0,73.6,17651,995,6.2,2.4,2.5
1934,20,Male,Car,2,3,3,7.54,1,94.66,17276,1047,4.7,4.6,0.8
1935,44,Female,EV,5,2,0,7.87,0,39.64,15633,1199,10.0,0.2,0.3
1936,46,Male,Walking,7,1,2,9.96,0,13.8,14628,1158,8.7,2.4,1.8
1937,49,Female,Bicycle,3,3,3,4.3,0,54.67,1569,180,6.5,4.8,1.3
1938,67,Female,EV,7,4,0,6.31,0,59.0,2973,275,8.9,3.1,1.3
1939,68,Male,Public Transport,1,4,3,6.27,1,25.16,3822,671,8.1,3.3,1.6
1940,36,Male,EV,9,0,1,5.25,1,78.44,1270,319,8.7,0.6,1.1
1941,38,Male,Car,8,2,0,3.35,0,98.64,17320,1308,8.9,0.8,1.9
1942,22,Female,Walking,8,1,0,9.82,0,95.12,8641,864,4.5,4.1,0.1
1943,35,Female,Bike,7,0,0,8.83,1,27.74,9930,927,7.7,4.1,2.9
1944,45,Female,Walking,9,2,2,5.99,0,88.78,7680,658,4.0,5.9,2.8
1945,59,Male,Bike,9,3,2,6.83,0,73.4,2257,325,4.3,4.3,2.8
1946,39,Male,EV,0,4,2,3.82,0,50.85,9250,950,9.4,3.0,1.1
1947,38,Female,Bicycle,1,1,1,6.35,0,58.65,6370,748,7.2,5.1,1.6
1948,23,Female,Public Transport,5,4,1,7.56,0,86.46,5858,641,8.4,0.6,2.9
1949,18,Other,Walking,9,3,0,6.12,0,53.21,9581,637,9.0,2.7,2.7
1950,22,Male,Car,4,2,1,9.92,0,43.59,14491,1026,9.7,1.7,2.4
1951,58,Female,Bike,8,3,3,6.89,0,54.39,13436,1085,9.2,0.6,1.2
1952,29,Male,Car,4,3,0,4.97,0,62.12,13870,1031,6.9,4.6,1.7
1953,43,Male,Bicycle,1,4,0,8.18,0,27.02,17504,1208,6.0,3.1,2.4
1954,63,Female,Bike,9,1,3,3.36,1,91.08,7908,797,4.9,3.3,0.8
1955,51,Female,Walking,3,3,0,5.08,0,70.68,11844,786,6.4,2.5,1.9
1956,66,Other,EV,8,4,1,4.78,0,66.99,19687,1224,6.2,2.8,2.5
1957,31,Male,Car,0,1,2,5.45,1,18.95,5861,726,7.4,0.7,2.1
1958,43,Male,Bicycle,0,2,3,8.25,1,64.38,3911,407,8.0,4.0,1.4
1959,62,Female,Walking,6,2,1,5.87,0,20.89,9991,707,9.9,2.6,1.8
1960,44,Female,Walking,2,0,3,8.35,0,17.08,12572,1089,8.4,4.9,3.0
1961,26,Male,Walking,9,4,3,6.61,1,57.46,11298,1008,7.9,1.2,1.8
1962,43,Male,Walking,1,1,0,4.74,1,46.25,8236,799,6.0,1.2,2.4
1963,64,Male,Bike,8,3,0,8.48,1,62.99,6565,524,4.2,3.9,2.2
1964,39,Female,Walking,2,2,1,3.91,1,18.03,18493,1358,5.7,5.1,2.1
1965,64,Male,Car,1,1,3,3.8,0,48.79,7929,511,8.6,2.8,2.1
1966,47,Male,Bicycle,7,4,0,6.04,0,25.73,18634,1074,5.2,4.4,1.4
1967,60,Male,Bike,9,0,0,4.09,0,98.84,19033,1426,8.3,6.0,1.4
1968,65,Male,Walking,5,2,3,2.07,0,60.5,8351,746,7.5,5.9,1.4
1969,34,Male,Public Transport,5,1,1,7.19,0,71.87,15901,1284,5.0,4.5,0.1
1970,43,Female,Public Transport,9,1,1,6.09,0,39.29,11638,788,5.6,4.4,0.7
1971,53,Male,Bicycle,6,1,3,5.56,0,18.53,6828,657,7.0,1.5,0.5
1972,18,Female,EV,6,4,1,9.74,1,97.83,12556,1125,6.5,5.0,2.7
1973,25,Male,EV,5,4,0,6.57,0,35.76,19099,1313,8.7,2.4,0.8
1974,66,Female,Bike,3,4,3,8.91,0,48.14,9150,868,8.4,5.8,0.4
1975,52,Female,Bike,8,3,0,3.12,0,68.49,11107,974,7.4,0.5,0.4
1976,69,Female,Bike,5,1,2,6.55,0,12.22,2757,432,8.9,2.6,2.1
1977,32,Female,EV,3,2,2,8.94,1,82.92,19193,1153,7.4,3.3,0.0
1978,64,Male,Public Transport,2,4,1,6.66,0,58.29,12199,764,9.8,2.4,1.4
1979,39,Male,EV,3,4,2,7.74,1,35.04,17295,995,5.3,1.3,0.4
1980,31,Female,Car,2,1,0,4.98,0,15.54,13807,1020,8.3,3.6,2.5
1981,43,Other,Walking,1,4,2,2.74,0,24.62,18535,1397,6.2,4.5,2.9
1982,45,Female,Bike,4,3,0,5.66,0,90.55,6492,432,5.7,3.9,2.9
1983,40,Female,Public Transport,1,3,1,5.16,0,71.74,7302,655,5.1,1.4,1.3
1984,31,Female,Bicycle,5,4,1,8.94,1,32.49,16929,1306,7.3,4.4,1.9
1985,41,Male,Bicycle,2,1,0,3.95,0,15.9,5747,586,5.3,1.5,1.8
1986,19,Male,Walking,5,1,2,9.73,1,72.16,15238,1194,5.2,1.1,1.1
1987,62,Female,Public Transport,9,1,1,9.67,0,61.52,9402,730,9.9,4.1,1.3
1988,43,Female,EV,8,0,3,3.98,1,46.41,11686,770,8.8,5.1,0.2
1989,31,Male,EV,0,4,1,4.78,0,42.73,5681,404,8.5,2.9,2.4
1990,68,Female,Car,5,1,2,9.16,1,29.51,19891,1404,8.8,3.2,0.7
1991,24,Male,Car,8,3,3,9.73,0,70.27,4428,396,9.8,1.8,1.4
1992,20,Female,EV,3,2,2,5.55,0,97.36,8494,909,7.4,3.0,1.4
1993,64,Male,Bicycle,1,2,0,4.57,0,25.81,4955,487,5.3,0.8,1.7
1994,40,Male,Bike,3,1,3,6.21,1,63.74,15026,976,9.2,5.7,2.5
1995,63,Female,Bicycle,0,2,2,7.5,0,48.18,10244,862,8.5,4.8,2.1
1996,60,Male,Car,2,2,3,4.19,0,50.2,1713,572,6.5,4.0,2.0
1997,64,Female,Walking,9,0,2,7.89,1,32.87,12080,787,6.8,3.2,1.6
1998,62,Female,EV,8,3,3,2.41,0,84.26,9521,946,6.5,4.8,0.3
1999,35,Female,Car,9,3,2,2.39,0,53.67,2746,284,9.6,3.0,1.2
2000,55,Male,Car,4,0,0,5.09,0,58.91,18591,1407,6.1,1.8,2.9
